axis_id,layer,train_accuracy,test_accuracy,test_ci_low,test_ci_high,random_null_mean,permutation_null_mean,permutation_p,permutation_q_bh,axis_norm,score
congenital_cardiac_vs_other_congenital_ccs,0,0.5,0.5,0.40625,0.59375,0.50081875,0.5000395833333333,0.9866,0.9924378698224853,1.6218434572219849,-0.0008187499999999792
congenital_cardiac_vs_other_congenital_ccs,1,0.5,0.5,0.3958333333333333,0.6041666666666666,0.5008,0.5000604166666666,0.9842,0.9924378698224853,2.841287136077881,-0.0008000000000000229
congenital_cardiac_vs_other_congenital_ccs,2,0.5580357142857143,0.5104166666666666,0.40625,0.6041666666666666,0.5033375,0.4996916666666666,0.0584,0.12567088607594937,5.87224817276001,0.007079166666666636
congenital_cardiac_vs_other_congenital_ccs,3,0.5505952380952381,0.4895833333333333,0.3854166666666667,0.5833333333333334,0.5021625,0.5002604166666667,0.9532,0.9924378698224853,6.3000807762146,-0.012579166666666641
congenital_cardiac_vs_other_congenital_ccs,4,0.5029761904761905,0.5,0.40625,0.6041666666666666,0.5003166666666667,0.4999208333333333,0.8522,0.9528918032786885,10.920919418334961,-0.0003166666666667428
congenital_cardiac_vs_other_congenital_ccs,5,0.5029761904761905,0.5,0.3958333333333333,0.59375,0.5010958333333334,0.5003416666666667,0.9152,0.9924378698224853,14.955429077148438,-0.001095833333333407
congenital_cardiac_vs_other_congenital_ccs,6,0.5342261904761905,0.4791666666666667,0.375,0.5833333333333334,0.50335625,0.4999041666666667,0.9336,0.9924378698224853,14.220447540283203,-0.024189583333333264
congenital_cardiac_vs_other_congenital_ccs,7,0.5193452380952381,0.5520833333333334,0.4479166666666667,0.6458333333333334,0.5029979166666667,0.5001354166666667,0.0276,0.0684963503649635,13.953044891357422,0.04908541666666666
congenital_cardiac_vs_other_congenital_ccs,8,0.5029761904761905,0.5,0.3958333333333333,0.6041666666666666,0.49471875,0.5001083333333334,0.7678,0.9127692307692309,28.74430274963379,0.005281250000000015
congenital_cardiac_vs_other_congenital_ccs,9,0.5223214285714286,0.4583333333333333,0.3645833333333333,0.5520833333333334,0.4915520833333334,0.5005583333333334,0.8918,0.9844545454545455,32.43313217163086,-0.033218750000000075
congenital_cardiac_vs_other_congenital_ccs,10,0.5074404761904762,0.5,0.3958333333333333,0.6041666666666666,0.4988541666666667,0.499875,0.793,0.9265292096219931,36.45909118652344,0.0011458333333332904
congenital_cardiac_vs_other_congenital_ccs,11,0.5193452380952381,0.5,0.3958333333333333,0.59375,0.49485625,0.4999270833333333,0.644,0.8262641509433962,103.32263946533203,0.0051437500000000025
congenital_cardiac_vs_other_congenital_ccs,12,0.5089285714285714,0.5104166666666666,0.40625,0.6145833333333334,0.51224375,0.5,0.3684,0.5197344398340249,95.15492248535156,-0.001827083333333368
congenital_cardiac_vs_other_congenital_ccs,13,0.5178571428571429,0.5,0.40625,0.59375,0.51030625,0.500275,0.7882,0.9245655172413791,84.80885314941406,-0.010306249999999961
congenital_cardiac_vs_other_congenital_ccs,14,0.5193452380952381,0.4479166666666667,0.34375,0.5416666666666666,0.49867291666666663,0.49934166666666663,0.9974,0.9974,60.718318939208984,-0.05075624999999995
congenital_cardiac_vs_other_congenital_ccs,15,0.5208333333333334,0.4583333333333333,0.3541666666666667,0.5520833333333334,0.49716875,0.4992791666666666,0.9692,0.9924378698224853,88.23074340820312,-0.03883541666666668
congenital_cardiac_vs_other_congenital_ccs,16,0.5208333333333334,0.4270833333333333,0.3229166666666667,0.5208333333333334,0.4951791666666666,0.5000666666666667,0.8316,0.9456321070234115,115.32017517089844,-0.0680958333333333
congenital_cardiac_vs_other_congenital_ccs,17,0.53125,0.4583333333333333,0.3645833333333333,0.5520833333333334,0.4998104166666666,0.49966875,0.6924,0.8560283687943262,131.5181121826172,-0.041477083333333276
congenital_cardiac_vs_other_congenital_ccs,18,0.5386904761904762,0.5,0.3958333333333333,0.6041666666666666,0.5023958333333333,0.5000770833333333,0.6008,0.7796641221374045,143.6913604736328,-0.0023958333333332638
congenital_cardiac_vs_other_congenital_ccs,19,0.5461309523809523,0.46875,0.3645833333333333,0.5729166666666666,0.4995458333333334,0.5012,0.8266,0.9431006711409395,155.4547119140625,-0.03079583333333341
congenital_cardiac_vs_other_congenital_ccs,20,0.7053571428571429,0.5,0.3958333333333333,0.59375,0.5055229166666666,0.5007229166666667,0.5584,0.7474645669291339,219.9419708251953,-0.0055229166666666
congenital_cardiac_vs_other_congenital_ccs,21,0.6622023809523809,0.5104166666666666,0.4166666666666667,0.6041666666666666,0.5055166666666666,0.49982708333333337,0.4208,0.5815934959349593,243.24159240722656,0.0049000000000000155
congenital_cardiac_vs_other_congenital_ccs,22,0.7604166666666666,0.5729166666666666,0.46875,0.6666666666666666,0.5130479166666667,0.4994708333333334,0.0118,0.035504424778761055,419.7412109375,0.059868749999999915
congenital_cardiac_vs_other_congenital_ccs,23,0.7931547619047619,0.5729166666666666,0.46875,0.6666666666666666,0.5117666666666667,0.5001916666666667,0.0106,0.03337037037037037,521.4137573242188,0.06114999999999993
congenital_cardiac_vs_other_congenital_ccs,24,0.8571428571428571,0.6145833333333334,0.5104166666666666,0.7083333333333334,0.5199708333333333,0.5007375,0.0074,0.02648421052631579,1230.52001953125,0.0946125000000001
congenital_cardiac_vs_other_congenital_ccs,25,0.8348214285714286,0.6145833333333334,0.5208333333333334,0.7083333333333334,0.5245166666666667,0.5006583333333333,0.0136,0.039186440677966096,1651.435546875,0.09006666666666663
congenital_cardiac_vs_other_congenital_ccs,26,0.8616071428571429,0.65625,0.5625,0.75,0.5309020833333334,0.498675,0.0068,0.024595744680851062,2363.3310546875,0.12534791666666656
congenital_cardiac_vs_other_congenital_ccs,27,0.8571428571428571,0.65625,0.5625,0.75,0.5304875,0.501025,0.0086,0.028666666666666667,2708.46435546875,0.1257625
congenital_cardiac_vs_other_congenital_ccs,28,0.8511904761904762,0.6458333333333334,0.5520833333333334,0.7395833333333334,0.53041875,0.4994416666666666,0.0146,0.04102479338842976,3134.838134765625,0.11541458333333332
congenital_cardiac_vs_other_congenital_ccs,29,0.8452380952380952,0.6354166666666666,0.5416666666666666,0.7291666666666666,0.52985,0.5005979166666666,0.0194,0.05153125,3359.36474609375,0.10556666666666659
congenital_cardiac_vs_other_congenital_ccs,30,0.8229166666666666,0.6145833333333334,0.5208333333333334,0.7083333333333334,0.5302541666666666,0.5004166666666666,0.0248,0.062,3641.6181640625,0.08432916666666679
congenital_cardiac_vs_other_congenital_ccs,31,0.8184523809523809,0.6041666666666666,0.5104166666666666,0.6979166666666666,0.5275375,0.5009520833333333,0.0346,0.08343262411347517,3868.18115234375,0.07662916666666664
congenital_cardiac_vs_other_congenital_ccs,32,0.8169642857142857,0.5833333333333334,0.4791666666666667,0.6875,0.5269083333333334,0.4993145833333333,0.0294,0.07243478260869565,3967.39990234375,0.05642499999999995
congenital_cardiac_vs_other_congenital_ccs,33,0.8497023809523809,0.6145833333333334,0.5208333333333334,0.7083333333333334,0.52945,0.50100625,0.0308,0.07533812949640288,23.353515625,0.0851333333333334
diabetes_complication_status_ccs,0,0.6507936507936508,0.5,0.2777777777777778,0.7222222222222222,0.5032444444444444,0.5000555555555555,0.9724,0.9924378698224853,6.622090816497803,-0.003244444444444383
diabetes_complication_status_ccs,1,0.7142857142857143,0.6666666666666666,0.4444444444444444,0.8888888888888888,0.5034555555555555,0.49998888888888887,0.0006,0.005368421052631579,8.915237426757812,0.16321111111111108
diabetes_complication_status_ccs,2,0.5873015873015873,0.7222222222222222,0.5,0.8888888888888888,0.5202888888888889,0.4996555555555556,0.0016,0.009714285714285715,20.645376205444336,0.2019333333333333
diabetes_complication_status_ccs,3,0.5714285714285714,0.6111111111111112,0.3888888888888889,0.8333333333333334,0.5179777777777778,0.4997777777777777,0.0674,0.14058895705521474,24.518054962158203,0.0931333333333334
diabetes_complication_status_ccs,4,0.5476190476190477,0.6666666666666666,0.4444444444444444,0.8888888888888888,0.5295555555555556,0.4997888888888889,0.0174,0.047327999999999995,34.57218551635742,0.13711111111111107
diabetes_complication_status_ccs,5,0.5079365079365079,0.5,0.2777777777777778,0.7222222222222222,0.5204777777777778,0.5001,0.9444,0.9924378698224853,41.3477897644043,-0.020477777777777817
diabetes_complication_status_ccs,6,0.5714285714285714,0.5,0.2777777777777778,0.7222222222222222,0.5202555555555555,0.5001777777777777,0.71,0.8560283687943262,46.22980880737305,-0.02025555555555547
diabetes_complication_status_ccs,7,0.6111111111111112,0.6111111111111112,0.3888888888888889,0.8333333333333334,0.5074666666666666,0.4978333333333333,0.1024,0.18718279569892474,50.092674255371094,0.10364444444444454
diabetes_complication_status_ccs,8,0.5634920634920635,0.4444444444444444,0.2222222222222222,0.6666666666666666,0.5080888888888889,0.5001555555555556,0.9738,0.9924378698224853,47.248226165771484,-0.0636444444444445
diabetes_complication_status_ccs,9,0.5079365079365079,0.4444444444444444,0.2222222222222222,0.6666666666666666,0.496988888888889,0.4983333333333333,0.9126,0.9924378698224853,83.67135620117188,-0.05254444444444456
diabetes_complication_status_ccs,10,0.5317460317460317,0.5,0.2777777777777778,0.7222222222222222,0.4926,0.5011222222222221,0.7048,0.8560283687943262,76.02405548095703,0.007400000000000018
diabetes_complication_status_ccs,11,0.5,0.5555555555555556,0.3333333333333333,0.7777777777777778,0.5036333333333333,0.4999,0.4324,0.590425702811245,126.69291687011719,0.051922222222222314
diabetes_complication_status_ccs,12,0.5396825396825397,0.6111111111111112,0.3888888888888889,0.8333333333333334,0.5225222222222222,0.5004111111111111,0.1196,0.21290052356020944,185.91476440429688,0.08858888888888894
diabetes_complication_status_ccs,13,0.5555555555555556,0.5,0.2777777777777778,0.7222222222222222,0.5089777777777778,0.5000222222222223,0.982,0.9924378698224853,159.37432861328125,-0.008977777777777751
diabetes_complication_status_ccs,14,0.6587301587301587,0.5555555555555556,0.3333333333333333,0.7777777777777778,0.5077555555555555,0.4996,0.4058,0.5637061224489797,152.0620880126953,0.047800000000000065
diabetes_complication_status_ccs,15,0.5476190476190477,0.3888888888888889,0.16666666666666666,0.6111111111111112,0.4876,0.5015222222222223,0.9222,0.9924378698224853,312.195556640625,-0.09871111111111108
diabetes_complication_status_ccs,16,0.5714285714285714,0.4444444444444444,0.2222222222222222,0.6666666666666666,0.4924333333333334,0.4996666666666667,0.804,0.9316462585034013,378.1907043457031,-0.04798888888888897
diabetes_complication_status_ccs,17,0.5158730158730159,0.5555555555555556,0.3333333333333333,0.7777777777777778,0.5015555555555555,0.5000888888888889,0.2438,0.38375925925925924,355.69818115234375,0.05400000000000005
diabetes_complication_status_ccs,18,0.5634920634920635,0.6666666666666666,0.4444444444444444,0.8888888888888888,0.5115111111111111,0.49834444444444453,0.0492,0.11152000000000001,413.68194580078125,0.1551555555555555
diabetes_complication_status_ccs,19,0.5317460317460317,0.6111111111111112,0.3888888888888889,0.8333333333333334,0.5079555555555556,0.49942222222222227,0.0552,0.12030769230769231,438.5074157714844,0.10315555555555556
diabetes_complication_status_ccs,20,0.5317460317460317,0.6111111111111112,0.3888888888888889,0.8333333333333334,0.5096111111111111,0.5003,0.0878,0.16770786516853933,509.9274597167969,0.10150000000000003
diabetes_complication_status_ccs,21,0.7619047619047619,0.7777777777777778,0.5555555555555556,0.9444444444444444,0.5093333333333334,0.5008111111111111,0.0002,0.002518518518518519,545.1472778320312,0.2684444444444444
diabetes_complication_status_ccs,22,0.6428571428571429,0.5555555555555556,0.3333333333333333,0.7777777777777778,0.5079,0.4993222222222223,0.313,0.4567381974248927,787.7349853515625,0.04765555555555556
diabetes_complication_status_ccs,23,0.6825396825396826,0.5,0.2777777777777778,0.7222222222222222,0.5101000000000001,0.4997,0.7062,0.8560283687943262,1078.8929443359375,-0.010100000000000109
diabetes_complication_status_ccs,24,0.6587301587301587,0.5,0.2777777777777778,0.7222222222222222,0.5075555555555555,0.49932222222222217,0.697,0.8560283687943262,1453.0458984375,-0.007555555555555538
diabetes_complication_status_ccs,25,0.6428571428571429,0.5555555555555556,0.3333333333333333,0.7777777777777778,0.5124222222222222,0.5005333333333334,0.298,0.44634361233480174,1770.02783203125,0.04313333333333336
diabetes_complication_status_ccs,26,0.7063492063492064,0.5555555555555556,0.3333333333333333,0.7777777777777778,0.5109,0.5009777777777777,0.3276,0.4699746835443038,2208.80419921875,0.04465555555555556
diabetes_complication_status_ccs,27,0.7063492063492064,0.5555555555555556,0.3333333333333333,0.7777777777777778,0.5088333333333332,0.5002111111111112,0.313,0.4567381974248927,2401.705322265625,0.04672222222222233
diabetes_complication_status_ccs,28,0.7063492063492064,0.5,0.2777777777777778,0.7222222222222222,0.5120111111111111,0.49827777777777776,0.7564,0.9023719298245614,2789.097900390625,-0.012011111111111084
diabetes_complication_status_ccs,29,0.7380952380952381,0.5555555555555556,0.3333333333333333,0.7777777777777778,0.513511111111111,0.4978333333333333,0.2668,0.41232727272727265,3072.98583984375,0.04204444444444455
diabetes_complication_status_ccs,30,0.8333333333333334,0.6111111111111112,0.3888888888888889,0.8333333333333334,0.5164444444444445,0.4984555555555555,0.0824,0.1632790697674419,3291.240234375,0.09466666666666668
diabetes_complication_status_ccs,31,0.8253968253968254,0.6666666666666666,0.4444444444444444,0.8888888888888888,0.5169222222222223,0.5001333333333334,0.0088,0.02876923076923077,3542.674072265625,0.14974444444444435
diabetes_complication_status_ccs,32,0.8015873015873016,0.7777777777777778,0.5555555555555556,0.9444444444444444,0.5172111111111112,0.49952222222222226,0.0006,0.005368421052631579,3740.293212890625,0.2605666666666666
diabetes_complication_status_ccs,33,0.7619047619047619,0.6111111111111112,0.3888888888888889,0.8333333333333334,0.5138111111111111,0.49953333333333333,0.0608,0.1292,22.928022384643555,0.09730000000000005
drug_poisoning_vs_nondrug_poisoning_ccs,0,0.5825396825396826,0.6333333333333333,0.5333333333333333,0.7222222222222222,0.5021844444444444,0.5001133333333333,0.0,0.0,4.077370643615723,0.13114888888888887
drug_poisoning_vs_nondrug_poisoning_ccs,1,0.5238095238095238,0.6111111111111112,0.5111111111111111,0.7111111111111111,0.50258,0.5001822222222222,0.002,0.011333333333333334,6.668247222900391,0.10853111111111113
drug_poisoning_vs_nondrug_poisoning_ccs,2,0.5714285714285714,0.5,0.4,0.6111111111111112,0.5103977777777778,0.5004555555555555,0.9554,0.9924378698224853,20.709095001220703,-0.010397777777777839
drug_poisoning_vs_nondrug_poisoning_ccs,3,0.5682539682539682,0.5111111111111111,0.4111111111111111,0.6222222222222222,0.5078511111111111,0.5000733333333334,0.0744,0.1513809523809524,20.273448944091797,0.0032599999999999296
drug_poisoning_vs_nondrug_poisoning_ccs,4,0.5174603174603175,0.5333333333333333,0.43333333333333335,0.6333333333333333,0.5130822222222222,0.49981333333333333,0.0552,0.12030769230769231,42.754085540771484,0.02025111111111111
drug_poisoning_vs_nondrug_poisoning_ccs,5,0.5,0.5111111111111111,0.4111111111111111,0.6111111111111112,0.5097933333333333,0.49960888888888894,0.0864,0.16770786516853933,40.87207794189453,0.001317777777777751
drug_poisoning_vs_nondrug_poisoning_ccs,6,0.546031746031746,0.5,0.4,0.6,0.5101822222222222,0.4992,0.7032,0.8560283687943262,37.97784423828125,-0.010182222222222204
drug_poisoning_vs_nondrug_poisoning_ccs,7,0.5412698412698412,0.5222222222222223,0.4111111111111111,0.6222222222222222,0.5075288888888888,0.49981333333333333,0.2136,0.3500861244019139,39.846683502197266,0.014693333333333447
drug_poisoning_vs_nondrug_poisoning_ccs,8,0.526984126984127,0.5,0.4,0.6,0.5088266666666666,0.4997066666666667,0.8794,0.977111111111111,90.07676696777344,-0.00882666666666665
drug_poisoning_vs_nondrug_poisoning_ccs,9,0.5523809523809524,0.5555555555555556,0.45555555555555555,0.6555555555555556,0.5178866666666667,0.5000177777777777,0.206,0.3416585365853658,62.197383880615234,0.03766888888888886
drug_poisoning_vs_nondrug_poisoning_ccs,10,0.5222222222222223,0.4222222222222222,0.32222222222222224,0.5222222222222223,0.4936044444444444,0.5004822222222222,0.8084,0.9317152542372881,89.04080963134766,-0.07138222222222218
drug_poisoning_vs_nondrug_poisoning_ccs,11,0.48253968253968255,0.6333333333333333,0.5333333333333333,0.7333333333333333,0.551691111111111,0.5010600000000001,0.2372,0.37685981308411215,114.51734161376953,0.08164222222222228
drug_poisoning_vs_nondrug_poisoning_ccs,12,0.5126984126984127,0.6444444444444445,0.5444444444444444,0.7444444444444445,0.5449977777777778,0.5012111111111112,0.2384,0.3770046511627907,112.21902465820312,0.09944666666666668
drug_poisoning_vs_nondrug_poisoning_ccs,13,0.5333333333333333,0.5,0.4,0.6,0.4882466666666667,0.5000511111111111,0.9626,0.9924378698224853,168.32855224609375,0.011753333333333282
drug_poisoning_vs_nondrug_poisoning_ccs,14,0.5095238095238095,0.3888888888888889,0.28888888888888886,0.4888888888888889,0.48758,0.5011533333333333,0.949,0.9924378698224853,260.65093994140625,-0.09869111111111112
drug_poisoning_vs_nondrug_poisoning_ccs,15,0.4936507936507937,0.4666666666666667,0.36666666666666664,0.5666666666666667,0.4953977777777778,0.49998888888888887,0.8056,0.9316462585034013,155.90667724609375,-0.02873111111111115
drug_poisoning_vs_nondrug_poisoning_ccs,16,0.5333333333333333,0.5111111111111111,0.4111111111111111,0.6111111111111112,0.5037466666666667,0.49985999999999997,0.4046,0.5637061224489797,164.20408630371094,0.007364444444444396
drug_poisoning_vs_nondrug_poisoning_ccs,17,0.5873015873015873,0.5666666666666667,0.4666666666666667,0.6666666666666666,0.5110577777777777,0.49982666666666664,0.049,0.11152000000000001,214.8575439453125,0.05560888888888893
drug_poisoning_vs_nondrug_poisoning_ccs,18,0.6634920634920635,0.7222222222222222,0.6222222222222222,0.8111111111111111,0.5079755555555555,0.4998044444444445,0.0,0.0,221.4622039794922,0.2142466666666667
drug_poisoning_vs_nondrug_poisoning_ccs,19,0.7825396825396825,0.5111111111111111,0.4111111111111111,0.6111111111111112,0.5045799999999999,0.5002422222222221,0.3778,0.5307933884297521,243.6466064453125,0.006531111111111154
drug_poisoning_vs_nondrug_poisoning_ccs,20,0.8142857142857143,0.6666666666666666,0.5666666666666667,0.7555555555555555,0.5082800000000001,0.5003133333333333,0.0062,0.02291304347826087,305.8942565917969,0.15838666666666656
drug_poisoning_vs_nondrug_poisoning_ccs,21,0.7365079365079366,0.5111111111111111,0.4111111111111111,0.6111111111111112,0.5048577777777778,0.49818888888888885,0.4464,0.6071040000000001,386.0981750488281,0.006253333333333222
drug_poisoning_vs_nondrug_poisoning_ccs,22,0.6888888888888889,0.7,0.6,0.7888888888888889,0.5124333333333334,0.5015666666666667,0.0062,0.02291304347826087,575.8538208007812,0.18756666666666655
drug_poisoning_vs_nondrug_poisoning_ccs,23,0.7888888888888889,0.6111111111111112,0.5111111111111111,0.7111111111111111,0.5069022222222221,0.5001133333333333,0.0182,0.04911111111111112,763.2964477539062,0.10420888888888902
drug_poisoning_vs_nondrug_poisoning_ccs,24,0.7698412698412699,0.6333333333333333,0.5333333333333333,0.7333333333333333,0.5112533333333333,0.5010288888888889,0.0088,0.02876923076923077,1225.0186767578125,0.12207999999999997
drug_poisoning_vs_nondrug_poisoning_ccs,25,0.7222222222222222,0.5555555555555556,0.45527777777777784,0.6555555555555556,0.5126222222222223,0.5007844444444444,0.1758,0.2973731343283582,1469.88525390625,0.04293333333333327
drug_poisoning_vs_nondrug_poisoning_ccs,26,0.7523809523809524,0.6777777777777778,0.5777777777777777,0.7666666666666667,0.5151133333333333,0.5001977777777779,0.0032,0.014506666666666668,1935.7298583984375,0.1626644444444445
drug_poisoning_vs_nondrug_poisoning_ccs,27,0.7507936507936508,0.7777777777777778,0.6888888888888889,0.8555555555555555,0.5143088888888888,0.5008866666666667,0.0002,0.002518518518518519,2159.953125,0.263468888888889
drug_poisoning_vs_nondrug_poisoning_ccs,28,0.8111111111111111,0.6444444444444445,0.5444444444444444,0.7444444444444445,0.5172711111111111,0.5001111111111112,0.02,0.05271317829457364,2323.91748046875,0.12717333333333336
drug_poisoning_vs_nondrug_poisoning_ccs,29,0.834920634920635,0.6444444444444445,0.5444444444444444,0.7444444444444445,0.5181399999999999,0.4981511111111111,0.0184,0.04925984251968504,2636.131591796875,0.12630444444444455
drug_poisoning_vs_nondrug_poisoning_ccs,30,0.8111111111111111,0.6444444444444445,0.5444444444444444,0.7444444444444445,0.5199977777777778,0.4980333333333334,0.0508,0.1143841059602649,3055.59765625,0.1244466666666667
drug_poisoning_vs_nondrug_poisoning_ccs,31,0.7984126984126985,0.5888888888888889,0.4888888888888889,0.6888888888888889,0.5194555555555554,0.5015,0.087,0.16770786516853933,3313.546630859375,0.06943333333333346
drug_poisoning_vs_nondrug_poisoning_ccs,32,0.746031746031746,0.5111111111111111,0.4111111111111111,0.6111111111111112,0.5171822222222223,0.50084,0.1892,0.3168866995073892,3453.803466796875,-0.006071111111111249
drug_poisoning_vs_nondrug_poisoning_ccs,33,0.8761904761904762,0.6555555555555556,0.5555555555555556,0.7555555555555555,0.5229577777777777,0.4998177777777777,0.0162,0.04514754098360656,20.133256912231445,0.13259777777777781
eye_inflammation_vs_other_eye_ccs,0,0.5,0.5055555555555555,0.43333333333333335,0.5777777777777777,0.5015322222222222,0.4997855555555556,0.014,0.04,2.107944965362549,0.004023333333333379
eye_inflammation_vs_other_eye_ccs,1,0.5452380952380952,0.5,0.42777777777777776,0.5722222222222222,0.5005766666666667,0.50003,0.9864,0.9924378698224853,3.844759225845337,-0.0005766666666666698
eye_inflammation_vs_other_eye_ccs,2,0.5214285714285715,0.5055555555555555,0.42777777777777776,0.5777777777777777,0.5034133333333333,0.49992111111111115,0.0634,0.13388819875776398,8.395304679870605,0.0021422222222222675
eye_inflammation_vs_other_eye_ccs,3,0.5571428571428572,0.5111111111111111,0.4388888888888889,0.5833333333333334,0.5043,0.49983999999999995,0.0688,0.1426341463414634,14.705306053161621,0.006811111111111101
eye_inflammation_vs_other_eye_ccs,4,0.523015873015873,0.5055555555555555,0.43333333333333335,0.5777777777777777,0.5084944444444445,0.49962,0.142,0.24736734693877552,17.4029483795166,-0.0029388888888889353
eye_inflammation_vs_other_eye_ccs,5,0.5333333333333333,0.5555555555555556,0.48333333333333334,0.6277777777777778,0.50299,0.5000766666666666,0.0002,0.002518518518518519,12.768293380737305,0.05256555555555553
eye_inflammation_vs_other_eye_ccs,6,0.5674603174603174,0.5,0.42777777777777776,0.5723611111111091,0.5032166666666666,0.5001577777777777,0.6742,0.8546765799256506,17.4014892578125,-0.0032166666666666455
eye_inflammation_vs_other_eye_ccs,7,0.5222222222222223,0.5388888888888889,0.4666666666666667,0.6111111111111112,0.5047622222222222,0.4998511111111111,0.0838,0.16469364161849712,33.19178009033203,0.03412666666666664
eye_inflammation_vs_other_eye_ccs,8,0.530952380952381,0.5,0.42777777777777776,0.5722222222222222,0.5014255555555556,0.49993777777777776,0.8428,0.9488476821192053,22.7244815826416,-0.0014255555555555688
eye_inflammation_vs_other_eye_ccs,9,0.596031746031746,0.55,0.4777777777777778,0.6222222222222222,0.5037288888888888,0.5004611111111111,0.0522,0.11676315789473685,23.160493850708008,0.04627111111111126
eye_inflammation_vs_other_eye_ccs,10,0.5134920634920634,0.5277777777777778,0.45555555555555555,0.6,0.5021466666666666,0.500041111111111,0.0544,0.1201038961038961,29.408370971679688,0.02563111111111116
eye_inflammation_vs_other_eye_ccs,11,0.5095238095238095,0.46111111111111114,0.3888888888888889,0.5333333333333333,0.4923633333333333,0.4996111111111111,0.7986,0.9298767123287671,51.696937561035156,-0.03125222222222218
eye_inflammation_vs_other_eye_ccs,12,0.4785714285714286,0.46111111111111114,0.3888888888888889,0.5333333333333333,0.48552000000000006,0.4999066666666668,0.6762,0.8546765799256506,72.40158081054688,-0.024408888888888924
eye_inflammation_vs_other_eye_ccs,13,0.5103174603174603,0.5,0.42777777777777776,0.5722222222222222,0.49845555555555565,0.5000744444444445,0.8548,0.9528918032786885,134.7914581298828,0.0015444444444443484
eye_inflammation_vs_other_eye_ccs,14,0.5079365079365079,0.48333333333333334,0.4111111111111111,0.5555555555555556,0.49831000000000003,0.49992111111111115,0.923,0.9924378698224853,101.90824890136719,-0.014976666666666694
eye_inflammation_vs_other_eye_ccs,15,0.5023809523809524,0.5166666666666667,0.4444444444444444,0.5888888888888889,0.4951644444444444,0.500191111111111,0.096,0.17947540983606558,126.7806396484375,0.02150222222222231
eye_inflammation_vs_other_eye_ccs,16,0.5357142857142857,0.4777777777777778,0.40555555555555556,0.55,0.49922333333333335,0.5003144444444444,0.922,0.9924378698224853,124.08622741699219,-0.02144555555555555
eye_inflammation_vs_other_eye_ccs,17,0.5285714285714286,0.49444444444444446,0.4222222222222222,0.5666666666666667,0.4984133333333333,0.4998033333333334,0.6742,0.8546765799256506,189.2712860107422,-0.003968888888888855
eye_inflammation_vs_other_eye_ccs,18,0.553968253968254,0.49444444444444446,0.4222222222222222,0.5666666666666667,0.5022811111111111,0.4998322222222221,0.689,0.8560283687943262,207.90887451171875,-0.007836666666666603
eye_inflammation_vs_other_eye_ccs,19,0.5380952380952381,0.4777777777777778,0.40555555555555556,0.5555555555555556,0.5015033333333333,0.49997444444444444,0.9458,0.9924378698224853,206.7825469970703,-0.0237255555555555
eye_inflammation_vs_other_eye_ccs,20,0.6341269841269841,0.5888888888888889,0.5166666666666667,0.6611111111111111,0.5049411111111111,0.5004211111111112,0.0002,0.002518518518518519,241.2359619140625,0.08394777777777784
eye_inflammation_vs_other_eye_ccs,21,0.6,0.6,0.5277777777777778,0.6722222222222223,0.5066911111111112,0.49979777777777773,0.0004,0.004,277.9145812988281,0.09330888888888877
eye_inflammation_vs_other_eye_ccs,22,0.6071428571428571,0.5277777777777778,0.45555555555555555,0.6,0.5117888888888888,0.4995633333333333,0.2284,0.36964928909952605,490.41583251953125,0.01598888888888894
eye_inflammation_vs_other_eye_ccs,23,0.5944444444444444,0.5166666666666667,0.4388888888888889,0.5888888888888889,0.5115266666666667,0.5000644444444444,0.1438,0.2481827411167513,608.3961791992188,0.005140000000000033
eye_inflammation_vs_other_eye_ccs,24,0.6952380952380952,0.5888888888888889,0.5166666666666667,0.6611111111111111,0.5180977777777778,0.5007033333333333,0.0212,0.05502290076335878,1409.295166015625,0.07079111111111114
eye_inflammation_vs_other_eye_ccs,25,0.7507936507936508,0.6222222222222222,0.55,0.6944444444444444,0.518441111111111,0.49948777777777775,0.0042,0.01741463414634146,1750.440185546875,0.10378111111111121
eye_inflammation_vs_other_eye_ccs,26,0.8539682539682539,0.6333333333333333,0.5611111111111111,0.7,0.5197277777777778,0.5001866666666667,0.0016,0.009714285714285715,2228.023681640625,0.11360555555555552
eye_inflammation_vs_other_eye_ccs,27,0.85,0.6444444444444445,0.5722222222222222,0.7111111111111111,0.5212533333333332,0.5004077777777778,0.0012,0.008159999999999999,2511.468994140625,0.12319111111111125
eye_inflammation_vs_other_eye_ccs,28,0.8333333333333334,0.6333333333333333,0.5611111111111111,0.7,0.5201677777777778,0.4998333333333333,0.001,0.007555555555555556,2844.91552734375,0.11316555555555552
eye_inflammation_vs_other_eye_ccs,29,0.8579365079365079,0.6333333333333333,0.5611111111111111,0.7055555555555556,0.5207722222222223,0.5002944444444445,0.0024,0.012363636363636363,2994.676025390625,0.112561111111111
eye_inflammation_vs_other_eye_ccs,30,0.8388888888888889,0.6333333333333333,0.5611111111111111,0.7055555555555556,0.5200055555555555,0.5007566666666666,0.005,0.019318181818181818,3242.285400390625,0.1133277777777778
eye_inflammation_vs_other_eye_ccs,31,0.8333333333333334,0.6166666666666667,0.5444444444444444,0.6888888888888889,0.5180177777777778,0.49983999999999995,0.006,0.02266666666666667,3440.6357421875,0.0986488888888889
eye_inflammation_vs_other_eye_ccs,32,0.8095238095238095,0.6222222222222222,0.55,0.6944444444444444,0.5180799999999999,0.49896999999999997,0.0028,0.0136,3519.947509765625,0.10414222222222236
eye_inflammation_vs_other_eye_ccs,33,0.8206349206349206,0.6277777777777778,0.5555555555555556,0.7,0.5184655555555555,0.4998511111111111,0.0024,0.012363636363636363,20.89149284362793,0.10931222222222226
infectious_etiology_ccs,0,0.5848214285714286,0.4935897435897436,0.4166666666666667,0.5705128205128205,0.5018833333333333,0.5000820512820512,0.9864,0.9924378698224853,3.4816744327545166,-0.008293589743589735
infectious_etiology_ccs,1,0.55625,0.5512820512820513,0.47435897435897434,0.6282051282051282,0.5034115384615385,0.49989743589743596,0.0014,0.008981132075471698,5.212459087371826,0.0478705128205128
infectious_etiology_ccs,2,0.5517857142857143,0.5256410256410257,0.44871794871794873,0.6025641025641025,0.5064205128205128,0.5000294871794873,0.037,0.08797202797202797,17.841796875,0.019220512820512847
infectious_etiology_ccs,3,0.5392857142857143,0.532051282051282,0.44871794871794873,0.6089743589743589,0.5050564102564101,0.49993205128205137,0.0566,0.1225732484076433,17.360071182250977,0.026994871794871922
infectious_etiology_ccs,4,0.5142857142857142,0.5128205128205128,0.42948717948717946,0.5897435897435898,0.5080102564102564,0.4999948717948718,0.0976,0.18034782608695654,28.031984329223633,0.004810256410256342
infectious_etiology_ccs,5,0.5125,0.5448717948717948,0.46794871794871795,0.6217948717948718,0.506301282051282,0.49996794871794864,0.0122,0.03638596491228071,27.83518409729004,0.038570512820512826
infectious_etiology_ccs,6,0.5392857142857143,0.5448717948717948,0.46794871794871795,0.6217948717948718,0.5098923076923076,0.4999025641025642,0.0652,0.1368395061728395,30.743804931640625,0.03497948717948718
infectious_etiology_ccs,7,0.5258928571428572,0.5256410256410257,0.44871794871794873,0.6025641025641025,0.5078102564102565,0.5005858974358974,0.2142,0.3500861244019139,30.803022384643555,0.017830769230769206
infectious_etiology_ccs,8,0.5214285714285715,0.4935897435897436,0.4166666666666667,0.5705128205128205,0.5043782051282051,0.5000128205128205,0.9248,0.9924378698224853,72.47669219970703,-0.010788461538461469
infectious_etiology_ccs,9,0.5633928571428571,0.5576923076923077,0.4807692307692308,0.6410256410256411,0.50465,0.5001576923076922,0.0234,0.05937313432835821,34.9865608215332,0.053042307692307666
infectious_etiology_ccs,10,0.5285714285714286,0.5064102564102564,0.4230769230769231,0.5897435897435898,0.5114858974358975,0.4997525641025641,0.4534,0.6141673306772909,59.24604797363281,-0.0050756410256410645
infectious_etiology_ccs,11,0.5473214285714286,0.5512820512820513,0.47435897435897434,0.6282051282051282,0.5032858974358975,0.4993282051282051,0.1544,0.26379899497487436,45.56167984008789,0.047996153846153855
infectious_etiology_ccs,12,0.5258928571428572,0.5576923076923077,0.4807692307692308,0.6346153846153846,0.5073051282051282,0.49959743589743594,0.0814,0.1628,58.11084747314453,0.05038717948717952
infectious_etiology_ccs,13,0.5116071428571428,0.5256410256410257,0.44871794871794873,0.6025641025641025,0.5076115384615385,0.5001564102564103,0.2866,0.4350178571428572,171.0123291015625,0.018029487179487158
infectious_etiology_ccs,14,0.5285714285714286,0.5448717948717948,0.46794871794871795,0.6217948717948718,0.5154846153846153,0.5009141025641025,0.2602,0.4058165137614678,122.49759674072266,0.029387179487179504
infectious_etiology_ccs,15,0.6044642857142857,0.5576923076923077,0.4807692307692308,0.6346153846153846,0.5046435897435897,0.5003153846153846,0.0024,0.012363636363636363,88.82164001464844,0.053048717948718016
infectious_etiology_ccs,16,0.5410714285714285,0.4935897435897436,0.4166666666666667,0.5705128205128205,0.5018371794871795,0.5006179487179487,0.5814,0.7661860465116279,114.23323059082031,-0.008247435897435929
infectious_etiology_ccs,17,0.5473214285714286,0.47435897435897434,0.391025641025641,0.5512820512820513,0.50295,0.5004692307692308,0.8202,0.9421216216216216,169.36451721191406,-0.02859102564102567
infectious_etiology_ccs,18,0.5383928571428571,0.46153846153846156,0.38461538461538464,0.5448717948717948,0.5048564102564103,0.4997461538461539,0.9838,0.9924378698224853,159.4491424560547,-0.043317948717948696
infectious_etiology_ccs,19,0.5285714285714286,0.48717948717948717,0.41025641025641024,0.5641025641025641,0.5043166666666666,0.5003961538461538,0.7724,0.9150383275261323,172.23037719726562,-0.017137179487179466
infectious_etiology_ccs,20,0.5303571428571429,0.5769230769230769,0.5,0.6538461538461539,0.5065282051282051,0.4995423076923076,0.0012,0.008159999999999999,230.10980224609375,0.0703948717948718
infectious_etiology_ccs,21,0.5580357142857143,0.5128205128205128,0.4358974358974359,0.5961538461538461,0.5064525641025641,0.5000730769230769,0.3032,0.45016593886462886,255.39462280273438,0.006367948717948657
infectious_etiology_ccs,22,0.6803571428571429,0.6025641025641025,0.5256410256410257,0.6794871794871795,0.5108115384615384,0.49996410256410256,0.0002,0.002518518518518519,362.8802795410156,0.09175256410256416
infectious_etiology_ccs,23,0.7160714285714286,0.6217948717948718,0.5448717948717948,0.6923076923076923,0.5122717948717949,0.4998371794871795,0.0002,0.002518518518518519,470.52264404296875,0.10952307692307695
infectious_etiology_ccs,24,0.8330357142857143,0.6858974358974359,0.6153846153846154,0.7564102564102564,0.5213269230769231,0.5003846153846154,0.0004,0.004,1082.5225830078125,0.16457051282051283
infectious_etiology_ccs,25,0.8116071428571429,0.6666666666666666,0.5897435897435898,0.7435897435897436,0.5200102564102564,0.5000756410256411,0.0002,0.002518518518518519,1214.3265380859375,0.14665641025641019
infectious_etiology_ccs,26,0.8651785714285715,0.6666666666666666,0.5961538461538461,0.7371794871794872,0.5285474358974359,0.49999487179487184,0.0026,0.013194029850746268,2198.80029296875,0.13811923076923072
infectious_etiology_ccs,27,0.8580357142857142,0.6602564102564102,0.5833333333333334,0.7307692307692307,0.5277448717948718,0.4993294871794871,0.003,0.014166666666666668,2446.6474609375,0.1325115384615384
infectious_etiology_ccs,28,0.8303571428571429,0.6666666666666666,0.5897435897435898,0.7371794871794872,0.5286910256410255,0.49948589743589744,0.0032,0.014506666666666668,2835.328857421875,0.13797564102564108
infectious_etiology_ccs,29,0.8321428571428572,0.6794871794871795,0.6025641025641025,0.75,0.5292320512820513,0.4999294871794872,0.0022,0.012064516129032258,3062.634765625,0.1502551282051282
infectious_etiology_ccs,30,0.7982142857142858,0.6858974358974359,0.6089743589743589,0.7564102564102564,0.5308807692307691,0.4997076923076923,0.002,0.011333333333333334,3452.369873046875,0.1550166666666668
infectious_etiology_ccs,31,0.8053571428571429,0.6602564102564102,0.5833333333333334,0.7371794871794872,0.5303858974358974,0.4997833333333333,0.0056,0.02139325842696629,3717.928466796875,0.12987051282051287
infectious_etiology_ccs,32,0.7776785714285714,0.6282051282051282,0.5512820512820513,0.7051282051282052,0.5279923076923076,0.5001525641025641,0.0136,0.039186440677966096,3876.16162109375,0.10021282051282054
infectious_etiology_ccs,33,0.875,0.8141025641025641,0.75,0.8717948717948718,0.5300128205128205,0.4996717948717949,0.0004,0.004,21.729496002197266,0.2840897435897436
intracranial_injury_vs_upper_limb_fracture_ccs,0,0.5015873015873016,0.5,0.42777777777777776,0.5722222222222222,0.5046333333333333,0.4997966666666667,0.9788,0.9924378698224853,7.934782981872559,-0.004633333333333267
intracranial_injury_vs_upper_limb_fracture_ccs,1,0.5055555555555555,0.5166666666666667,0.4444444444444444,0.5888888888888889,0.5064211111111112,0.5000611111111112,0.0118,0.035504424778761055,11.270086288452148,0.010245555555555508
intracranial_injury_vs_upper_limb_fracture_ccs,2,0.5166666666666667,0.5222222222222223,0.4444444444444444,0.5944444444444444,0.5180899999999999,0.49989333333333325,0.0526,0.11688888888888889,37.55064010620117,0.004132222222222315
intracranial_injury_vs_upper_limb_fracture_ccs,3,0.5912698412698413,0.6444444444444445,0.5722222222222222,0.7166666666666667,0.5141744444444445,0.49994333333333335,0.0012,0.008159999999999999,38.66587448120117,0.13027
intracranial_injury_vs_upper_limb_fracture_ccs,4,0.5357142857142857,0.5055555555555555,0.43333333333333335,0.5777777777777777,0.5219322222222222,0.4996844444444444,0.1426,0.24736734693877552,66.94535064697266,-0.016376666666666706
intracranial_injury_vs_upper_limb_fracture_ccs,5,0.5857142857142857,0.6111111111111112,0.5388888888888889,0.6833333333333333,0.5145511111111111,0.49962333333333336,0.002,0.011333333333333334,47.5689582824707,0.09656000000000009
intracranial_injury_vs_upper_limb_fracture_ccs,6,0.5738095238095238,0.55,0.4777777777777778,0.6222222222222222,0.5135377777777778,0.5000699999999999,0.0886,0.16829050279329608,57.215576171875,0.036462222222222285
intracranial_injury_vs_upper_limb_fracture_ccs,7,0.5619047619047619,0.6055555555555555,0.5333333333333333,0.6777777777777778,0.5129655555555556,0.49995777777777783,0.0016,0.009714285714285715,63.07671356201172,0.09258999999999995
intracranial_injury_vs_upper_limb_fracture_ccs,8,0.5674603174603174,0.5111111111111111,0.4388888888888889,0.5833333333333334,0.5085977777777778,0.49964555555555545,0.33,0.4714285714285714,72.06421661376953,0.0025133333333332564
intracranial_injury_vs_upper_limb_fracture_ccs,9,0.5984126984126984,0.5333333333333333,0.46111111111111114,0.6055555555555555,0.50803,0.5000966666666667,0.1522,0.26135353535353534,77.59883880615234,0.025303333333333344
intracranial_injury_vs_upper_limb_fracture_ccs,10,0.6373015873015873,0.5666666666666667,0.49444444444444446,0.6388888888888888,0.5105177777777777,0.5002366666666667,0.1278,0.2263125,73.99793243408203,0.056148888888888915
intracranial_injury_vs_upper_limb_fracture_ccs,11,0.530952380952381,0.5333333333333333,0.46111111111111114,0.6055555555555555,0.5220144444444444,0.4999,0.3214,0.46500425531914896,138.04034423828125,0.011318888888888878
intracranial_injury_vs_upper_limb_fracture_ccs,12,0.5087301587301587,0.5388888888888889,0.4666666666666667,0.6111111111111112,0.5145755555555556,0.5007277777777779,0.0952,0.17947540983606558,148.1885223388672,0.024313333333333298
intracranial_injury_vs_upper_limb_fracture_ccs,13,0.5285714285714286,0.5222222222222223,0.45,0.5944444444444444,0.5198344444444445,0.5000844444444444,0.2994,0.44647368421052636,183.72120666503906,0.0023877777777777665
intracranial_injury_vs_upper_limb_fracture_ccs,14,0.5214285714285715,0.5666666666666667,0.4943055555555556,0.6444444444444445,0.5148799999999999,0.5003088888888889,0.0216,0.05563636363636364,142.963134765625,0.05178666666666676
intracranial_injury_vs_upper_limb_fracture_ccs,15,0.669047619047619,0.45555555555555555,0.38333333333333336,0.5277777777777778,0.5006533333333333,0.49901222222222225,0.5578,0.7474645669291339,177.63275146484375,-0.04509777777777774
intracranial_injury_vs_upper_limb_fracture_ccs,16,0.5785714285714286,0.5944444444444444,0.5277777777777778,0.6666666666666666,0.5072066666666668,0.5000822222222223,0.005,0.019318181818181818,223.2467803955078,0.08723777777777764
intracranial_injury_vs_upper_limb_fracture_ccs,17,0.5888888888888889,0.5444444444444444,0.4722222222222222,0.6166666666666667,0.5035777777777778,0.5000600000000001,0.0966,0.17947540983606558,317.0083312988281,0.04086666666666661
intracranial_injury_vs_upper_limb_fracture_ccs,18,0.5920634920634921,0.55,0.4777777777777778,0.6222222222222222,0.50713,0.5002366666666667,0.1108,0.1982736842105263,378.5780029296875,0.042870000000000075
intracranial_injury_vs_upper_limb_fracture_ccs,19,0.5785714285714286,0.5277777777777778,0.45555555555555555,0.6,0.5043633333333333,0.49959444444444445,0.2294,0.36964928909952605,390.86083984375,0.023414444444444515
intracranial_injury_vs_upper_limb_fracture_ccs,20,0.5341269841269841,0.5666666666666667,0.49444444444444446,0.6388888888888888,0.5056577777777778,0.49969444444444433,0.0324,0.07868571428571429,513.0104370117188,0.06100888888888889
intracranial_injury_vs_upper_limb_fracture_ccs,21,0.6031746031746031,0.5111111111111111,0.4388888888888889,0.5888888888888889,0.5067166666666666,0.49956222222222224,0.3588,0.5083,464.7843017578125,0.004394444444444479
intracranial_injury_vs_upper_limb_fracture_ccs,22,0.7055555555555556,0.6277777777777778,0.5555555555555556,0.7,0.5148744444444444,0.4996533333333333,0.0008,0.006325581395348837,627.7137451171875,0.11290333333333336
intracranial_injury_vs_upper_limb_fracture_ccs,23,0.7944444444444444,0.6555555555555556,0.5833333333333334,0.7222222222222222,0.5179066666666666,0.500241111111111,0.0,0.0,754.8187866210938,0.13764888888888893
intracranial_injury_vs_upper_limb_fracture_ccs,24,0.8928571428571429,0.8055555555555556,0.75,0.8611111111111112,0.5297255555555556,0.49977333333333335,0.0,0.0,1611.7568359375,0.27583
intracranial_injury_vs_upper_limb_fracture_ccs,25,0.8484126984126984,0.9222222222222223,0.8833333333333333,0.9611111111111111,0.5340911111111112,0.4978988888888889,0.0,0.0,2006.857666015625,0.3881311111111111
intracranial_injury_vs_upper_limb_fracture_ccs,26,0.8904761904761904,0.9611111111111111,0.9333333333333333,0.9888888888888889,0.5431833333333334,0.5001977777777779,0.0,0.0,2892.83056640625,0.4179277777777778
intracranial_injury_vs_upper_limb_fracture_ccs,27,0.8753968253968254,0.8888888888888888,0.8388888888888889,0.9333333333333333,0.5423455555555555,0.49950777777777783,0.0002,0.002518518518518519,3273.960693359375,0.3465433333333333
intracranial_injury_vs_upper_limb_fracture_ccs,28,0.8753968253968254,0.8611111111111112,0.8111111111111111,0.9111111111111111,0.5458166666666667,0.4999388888888889,0.0002,0.002518518518518519,3886.8330078125,0.31529444444444443
intracranial_injury_vs_upper_limb_fracture_ccs,29,0.8952380952380953,0.9388888888888889,0.9,0.9722222222222222,0.5464444444444444,0.5008122222222222,0.0002,0.002518518518518519,4294.77392578125,0.3924444444444445
intracranial_injury_vs_upper_limb_fracture_ccs,30,0.9079365079365079,0.8888888888888888,0.8388888888888889,0.9333333333333333,0.5448177777777777,0.5005355555555556,0.0008,0.006325581395348837,4868.45556640625,0.3440711111111111
intracranial_injury_vs_upper_limb_fracture_ccs,31,0.9142857142857143,0.8166666666666667,0.7609722222222223,0.8722222222222222,0.54491,0.4994333333333334,0.005,0.019318181818181818,5272.52783203125,0.27175666666666665
intracranial_injury_vs_upper_limb_fracture_ccs,32,0.9238095238095239,0.7166666666666667,0.65,0.7833333333333333,0.5411877777777778,0.5005766666666667,0.0142,0.040233333333333336,5292.3271484375,0.17547888888888885
intracranial_injury_vs_upper_limb_fracture_ccs,33,0.930952380952381,0.9944444444444445,0.9833333333333333,1.0,0.5456166666666667,0.4993177777777778,0.0002,0.002518518518518519,32.50841522216797,0.4488277777777777
joint_dislocation_vs_sprain_ccs,0,0.5013736263736264,0.5,0.4019607843137255,0.5980392156862745,0.5019803921568627,0.5000137254901961,0.9864,0.9924378698224853,2.8135428428649902,-0.0019803921568627425
joint_dislocation_vs_sprain_ccs,1,0.5673076923076923,0.5,0.4019607843137255,0.5980392156862745,0.5011176470588236,0.5000666666666667,0.9904,0.9933215339233038,5.443360328674316,-0.0011176470588235565
joint_dislocation_vs_sprain_ccs,2,0.5851648351648352,0.5,0.4019607843137255,0.5980392156862745,0.514064705882353,0.5006392156862745,0.93,0.9924378698224853,21.75813865661621,-0.01406470588235298
joint_dislocation_vs_sprain_ccs,3,0.5563186813186813,0.5882352941176471,0.49019607843137253,0.6862745098039216,0.5110607843137255,0.5001392156862745,0.0096,0.031085714285714282,22.38295555114746,0.0771745098039216
joint_dislocation_vs_sprain_ccs,4,0.5096153846153846,0.5882352941176471,0.49019607843137253,0.6764705882352942,0.5188039215686274,0.5002470588235295,0.0126,0.037252173913043474,37.36703109741211,0.06943137254901965
joint_dislocation_vs_sprain_ccs,5,0.5645604395604396,0.5980392156862745,0.5,0.696078431372549,0.5153549019607843,0.500121568627451,0.0134,0.039186440677966096,35.974483489990234,0.08268431372549023
joint_dislocation_vs_sprain_ccs,6,0.5453296703296703,0.5588235294117647,0.46078431372549017,0.6568627450980392,0.5229294117647059,0.5006764705882353,0.2022,0.33699999999999997,53.52476501464844,0.035894117647058854
joint_dislocation_vs_sprain_ccs,7,0.5315934065934066,0.5882352941176471,0.49019607843137253,0.6862745098039216,0.5193882352941177,0.5000745098039215,0.0084,0.028277227722772275,55.841617584228516,0.06884705882352937
joint_dislocation_vs_sprain_ccs,8,0.5343406593406593,0.5098039215686274,0.4117647058823529,0.6078431372549019,0.5147549019607842,0.4999235294117647,0.315,0.4576923076923077,71.65098571777344,-0.004950980392156801
joint_dislocation_vs_sprain_ccs,9,0.5164835164835165,0.5784313725490197,0.4803921568627451,0.6764705882352942,0.5283764705882353,0.49838823529411763,0.3098,0.455982683982684,81.27906036376953,0.050054901960784326
joint_dislocation_vs_sprain_ccs,10,0.5480769230769231,0.5294117647058824,0.43137254901960786,0.6274509803921569,0.5071764705882353,0.5006137254901961,0.2768,0.4258461538461538,78.95248413085938,0.02223529411764702
joint_dislocation_vs_sprain_ccs,11,0.5782967032967034,0.5,0.4019607843137255,0.5980392156862745,0.49992941176470596,0.5003117647058823,0.6372,0.8206363636363636,219.84072875976562,7.058823529404457e-05
joint_dislocation_vs_sprain_ccs,12,0.5535714285714286,0.45098039215686275,0.35294117647058826,0.5490196078431373,0.5000627450980392,0.4999901960784313,0.7,0.8560283687943262,165.85186767578125,-0.04908235294117641
joint_dislocation_vs_sprain_ccs,13,0.5521978021978022,0.5098039215686274,0.4117647058823529,0.6078431372549019,0.4979,0.5000058823529412,0.3554,0.5055899581589958,284.10504150390625,0.011903921568627407
joint_dislocation_vs_sprain_ccs,14,0.5576923076923077,0.5490196078431373,0.45098039215686275,0.6470588235294118,0.512164705882353,0.5004764705882353,0.2844,0.4336143497757847,145.10337829589844,0.036854901960784336
joint_dislocation_vs_sprain_ccs,15,0.5384615384615384,0.5294117647058824,0.43137254901960786,0.6274509803921569,0.5038725490196079,0.4995568627450981,0.0874,0.16770786516853933,154.5485076904297,0.025539215686274486
joint_dislocation_vs_sprain_ccs,16,0.5659340659340659,0.6078431372549019,0.5098039215686274,0.7058823529411765,0.5076509803921568,0.49909411764705885,0.0078,0.027624999999999997,161.1071319580078,0.10019215686274507
joint_dislocation_vs_sprain_ccs,17,0.5151098901098901,0.5294117647058824,0.43137254901960786,0.6274509803921569,0.5138392156862744,0.49984705882352937,0.2666,0.41232727272727265,253.278564453125,0.015572549019607917
joint_dislocation_vs_sprain_ccs,18,0.5,0.5882352941176471,0.49019607843137253,0.6764705882352942,0.5152607843137255,0.4993098039215686,0.1552,0.26384,277.1150207519531,0.07297450980392162
joint_dislocation_vs_sprain_ccs,19,0.5357142857142857,0.6078431372549019,0.5098039215686274,0.7058823529411765,0.5182862745098038,0.5015529411764705,0.1034,0.188,342.77996826171875,0.08955686274509811
joint_dislocation_vs_sprain_ccs,20,0.5521978021978022,0.6274509803921569,0.5294117647058824,0.7254901960784313,0.5186549019607842,0.5021039215686275,0.1058,0.1913404255319149,399.0149841308594,0.10879607843137262
joint_dislocation_vs_sprain_ccs,21,0.5659340659340659,0.6568627450980392,0.5588235294117647,0.7549019607843137,0.5134764705882353,0.5001392156862745,0.0082,0.028277227722772275,388.11358642578125,0.1433862745098039
joint_dislocation_vs_sprain_ccs,22,0.7486263736263736,0.5882352941176471,0.49019607843137253,0.6862745098039216,0.5123862745098039,0.5002235294117647,0.0102,0.032716981132075475,530.3532104492188,0.07584901960784318
joint_dislocation_vs_sprain_ccs,23,0.8035714285714286,0.6274509803921569,0.5392156862745098,0.7156862745098039,0.5149843137254901,0.49987254901960787,0.0012,0.008159999999999999,665.8208618164062,0.11246666666666671
joint_dislocation_vs_sprain_ccs,24,0.7554945054945055,0.6666666666666666,0.5686274509803921,0.7549019607843137,0.5230039215686274,0.49904117647058827,0.0004,0.004,1215.6534423828125,0.14366274509803922
joint_dislocation_vs_sprain_ccs,25,0.8063186813186813,0.6568627450980392,0.5588235294117647,0.7450980392156863,0.5222823529411765,0.4999568627450981,0.0006,0.005368421052631579,1419.722412109375,0.13458039215686268
joint_dislocation_vs_sprain_ccs,26,0.8818681318681318,0.6666666666666666,0.5686274509803921,0.7549019607843137,0.5272725490196079,0.5003058823529413,0.001,0.007555555555555556,1939.3714599609375,0.13939411764705878
joint_dislocation_vs_sprain_ccs,27,0.8557692307692307,0.6666666666666666,0.5784313725490197,0.7549019607843137,0.5256529411764707,0.4992509803921568,0.0014,0.008981132075471698,2189.46240234375,0.14101372549019597
joint_dislocation_vs_sprain_ccs,28,0.8324175824175825,0.6274509803921569,0.5294117647058824,0.7254901960784313,0.524978431372549,0.5000019607843137,0.0106,0.03337037037037037,2474.218505859375,0.1024725490196079
joint_dislocation_vs_sprain_ccs,29,0.8296703296703297,0.6568627450980392,0.5686274509803921,0.7450980392156863,0.5257509803921568,0.4994313725490196,0.0028,0.0136,2752.85205078125,0.13111176470588237
joint_dislocation_vs_sprain_ccs,30,0.8337912087912088,0.6274509803921569,0.5294117647058824,0.7254901960784313,0.5248843137254902,0.49993529411764703,0.0112,0.03461818181818182,3178.8203125,0.1025666666666667
joint_dislocation_vs_sprain_ccs,31,0.8310439560439561,0.6470588235294118,0.5490196078431373,0.7450980392156863,0.527521568627451,0.49984901960784317,0.0084,0.028277227722772275,3427.669677734375,0.11953725490196077
joint_dislocation_vs_sprain_ccs,32,0.8461538461538461,0.6666666666666666,0.5784313725490197,0.7549019607843137,0.525749019607843,0.5005764705882353,0.0042,0.01741463414634146,3500.455322265625,0.1409176470588236
joint_dislocation_vs_sprain_ccs,33,0.8626373626373627,0.6666666666666666,0.5784313725490197,0.7549019607843137,0.5266745098039215,0.5001313725490196,0.0032,0.014506666666666668,20.265357971191406,0.13999215686274513
musculoskeletal_infective_vs_nontraumatic_joint_ccs,0,0.5825396825396826,0.5222222222222223,0.4444444444444444,0.5944444444444444,0.5014911111111111,0.49988444444444446,0.008,0.028041237113402062,2.401447296142578,0.020731111111111145
musculoskeletal_infective_vs_nontraumatic_joint_ccs,1,0.530952380952381,0.6277777777777778,0.5555555555555556,0.7,0.5017355555555556,0.4999555555555555,0.0,0.0,4.19462776184082,0.12604222222222217
musculoskeletal_infective_vs_nontraumatic_joint_ccs,2,0.5547619047619048,0.5222222222222223,0.45,0.5944444444444444,0.50418,0.5003055555555554,0.0354,0.08476056338028169,7.018098831176758,0.018042222222222293
musculoskeletal_infective_vs_nontraumatic_joint_ccs,3,0.5261904761904762,0.49444444444444446,0.4222222222222222,0.5666666666666667,0.5040466666666666,0.4999366666666667,0.9246,0.9924378698224853,7.905073165893555,-0.009602222222222179
musculoskeletal_infective_vs_nontraumatic_joint_ccs,4,0.5023809523809524,0.5777777777777777,0.5055555555555555,0.65,0.5064477777777777,0.5000522222222222,0.0004,0.004,11.723153114318848,0.07133
musculoskeletal_infective_vs_nontraumatic_joint_ccs,5,0.5023809523809524,0.5388888888888889,0.4666666666666667,0.6111111111111112,0.5046911111111112,0.4998922222222221,0.0046,0.0184,13.15735149383545,0.03419777777777766
musculoskeletal_infective_vs_nontraumatic_joint_ccs,6,0.5682539682539682,0.5333333333333333,0.46111111111111114,0.6055555555555555,0.5037422222222222,0.4997488888888889,0.0748,0.1513809523809524,14.940693855285645,0.029591111111111124
musculoskeletal_infective_vs_nontraumatic_joint_ccs,7,0.5301587301587302,0.5333333333333333,0.45555555555555555,0.6055555555555555,0.5015777777777778,0.49996222222222225,0.0424,0.0974054054054054,28.052654266357422,0.03175555555555554
musculoskeletal_infective_vs_nontraumatic_joint_ccs,8,0.49444444444444446,0.5,0.42777777777777776,0.5722222222222222,0.5053077777777778,0.5001911111111111,0.8404,0.9488476821192053,23.145545959472656,-0.0053077777777778
musculoskeletal_infective_vs_nontraumatic_joint_ccs,9,0.557936507936508,0.48333333333333334,0.4111111111111111,0.5611111111111111,0.4981433333333333,0.5000855555555554,0.8242,0.9431006711409395,69.42327117919922,-0.01480999999999999
musculoskeletal_infective_vs_nontraumatic_joint_ccs,10,0.573015873015873,0.5,0.42777777777777776,0.5722222222222222,0.5033666666666666,0.49982111111111105,0.5612,0.7482666666666667,29.62717628479004,-0.003366666666666629
musculoskeletal_infective_vs_nontraumatic_joint_ccs,11,0.5246031746031746,0.4888888888888889,0.4166666666666667,0.5611111111111111,0.4840588888888889,0.4998833333333334,0.7224,0.8648450704225352,104.44802856445312,0.0048299999999999454
musculoskeletal_infective_vs_nontraumatic_joint_ccs,12,0.5468253968253968,0.5555555555555556,0.48333333333333334,0.6277777777777778,0.5050966666666667,0.49982777777777776,0.0108,0.033688073394495414,49.11790084838867,0.05045888888888883
musculoskeletal_infective_vs_nontraumatic_joint_ccs,13,0.6777777777777778,0.6333333333333333,0.5611111111111111,0.7,0.5026277777777778,0.5000855555555556,0.0,0.0,56.27167892456055,0.13070555555555552
musculoskeletal_infective_vs_nontraumatic_joint_ccs,14,0.5333333333333333,0.5166666666666667,0.4388888888888889,0.5888888888888889,0.5070155555555556,0.4998144444444444,0.2966,0.4462123893805309,100.8718032836914,0.009651111111111166
musculoskeletal_infective_vs_nontraumatic_joint_ccs,15,0.5277777777777778,0.5444444444444444,0.4722222222222222,0.6166666666666667,0.5028033333333333,0.5011166666666667,0.279,0.4272972972972974,174.50091552734375,0.04164111111111113
musculoskeletal_infective_vs_nontraumatic_joint_ccs,16,0.5182539682539683,0.5166666666666667,0.4444444444444444,0.5888888888888889,0.5100922222222223,0.49995888888888895,0.3262,0.4699491525423729,158.509765625,0.006574444444444438
musculoskeletal_infective_vs_nontraumatic_joint_ccs,17,0.5587301587301587,0.5166666666666667,0.4444444444444444,0.5888888888888889,0.5201377777777778,0.5009866666666667,0.4062,0.5637061224489797,262.5653381347656,-0.0034711111111110915
musculoskeletal_infective_vs_nontraumatic_joint_ccs,18,0.5674603174603174,0.6055555555555555,0.5333333333333333,0.6777777777777778,0.5214322222222221,0.4996366666666667,0.1812,0.304990099009901,244.45843505859375,0.08412333333333344
musculoskeletal_infective_vs_nontraumatic_joint_ccs,19,0.5365079365079365,0.5888888888888889,0.5166666666666667,0.6611111111111111,0.51328,0.5000811111111112,0.2098,0.3462718446601941,223.6200408935547,0.07560888888888895
musculoskeletal_infective_vs_nontraumatic_joint_ccs,20,0.5293650793650794,0.5055555555555555,0.43333333333333335,0.5777777777777777,0.5081655555555555,0.5014466666666667,0.4648,0.6271111111111112,247.0508575439453,-0.002610000000000001
musculoskeletal_infective_vs_nontraumatic_joint_ccs,21,0.6079365079365079,0.5,0.42777777777777776,0.5722222222222222,0.5068422222222222,0.49985,0.571,0.758359375,275.1554260253906,-0.006842222222222194
musculoskeletal_infective_vs_nontraumatic_joint_ccs,22,0.5682539682539682,0.6166666666666667,0.5444444444444444,0.6888888888888889,0.5152144444444444,0.4997466666666666,0.0044,0.01780952380952381,440.5032958984375,0.10145222222222228
musculoskeletal_infective_vs_nontraumatic_joint_ccs,23,0.5571428571428572,0.6277777777777778,0.5555555555555556,0.7,0.5176222222222222,0.49915777777777776,0.0012,0.008159999999999999,563.2555541992188,0.11015555555555556
musculoskeletal_infective_vs_nontraumatic_joint_ccs,24,0.7182539682539683,0.65,0.5777777777777777,0.7166666666666667,0.5212633333333333,0.5,0.0008,0.006325581395348837,1025.693603515625,0.12873666666666672
musculoskeletal_infective_vs_nontraumatic_joint_ccs,25,0.7357142857142858,0.6555555555555556,0.5888888888888889,0.7222222222222222,0.5200111111111111,0.5007655555555555,0.0008,0.006325581395348837,1204.631591796875,0.13554444444444447
musculoskeletal_infective_vs_nontraumatic_joint_ccs,26,0.8611111111111112,0.6611111111111111,0.5888888888888889,0.7277777777777777,0.5238666666666666,0.5009744444444445,0.0014,0.008981132075471698,1777.01953125,0.1372444444444445
musculoskeletal_infective_vs_nontraumatic_joint_ccs,27,0.8301587301587302,0.65,0.5833333333333334,0.7166666666666667,0.5248566666666666,0.5003755555555556,0.0028,0.0136,1981.825927734375,0.12514333333333338
musculoskeletal_infective_vs_nontraumatic_joint_ccs,28,0.8753968253968254,0.6277777777777778,0.5555555555555556,0.6944444444444444,0.5224466666666667,0.5003211111111112,0.0066,0.024129032258064512,2203.41552734375,0.10533111111111104
musculoskeletal_infective_vs_nontraumatic_joint_ccs,29,0.8468253968253968,0.65,0.5833333333333334,0.7166666666666667,0.5236966666666666,0.5001433333333334,0.0024,0.012363636363636363,2403.01416015625,0.12630333333333343
musculoskeletal_infective_vs_nontraumatic_joint_ccs,30,0.8301587301587302,0.65,0.5777777777777777,0.7166666666666667,0.5232255555555555,0.5005077777777777,0.0018,0.010736842105263157,2711.55810546875,0.12677444444444452
musculoskeletal_infective_vs_nontraumatic_joint_ccs,31,0.8087301587301587,0.65,0.5777777777777777,0.7166666666666667,0.52233,0.49946,0.0034,0.015012987012987013,2918.727783203125,0.12767000000000006
musculoskeletal_infective_vs_nontraumatic_joint_ccs,32,0.7833333333333333,0.6277777777777778,0.5555555555555556,0.7,0.5211422222222222,0.5003344444444445,0.0034,0.015012987012987013,2988.82373046875,0.1066355555555556
musculoskeletal_infective_vs_nontraumatic_joint_ccs,33,0.8484126984126984,0.65,0.5777777777777777,0.7166666666666667,0.5228288888888888,0.5004955555555556,0.004,0.017215189873417722,17.598453521728516,0.12717111111111123
open_wounds_head_trunk_vs_extremity_ccs,0,0.5344827586206896,0.5350877192982456,0.4473684210526316,0.631578947368421,0.5016070175438597,0.5000052631578947,0.0044,0.01780952380952381,2.8828916549682617,0.03348070175438589
open_wounds_head_trunk_vs_extremity_ccs,1,0.645320197044335,0.6052631578947368,0.5087719298245614,0.6929824561403509,0.5031035087719298,0.49991754385964915,0.0,0.0,4.819429874420166,0.10215964912280706
open_wounds_head_trunk_vs_extremity_ccs,2,0.5431034482758621,0.5,0.41228070175438597,0.5964912280701754,0.5044157894736843,0.49994035087719296,0.9464,0.9924378698224853,11.180931091308594,-0.004415789473684262
open_wounds_head_trunk_vs_extremity_ccs,3,0.5603448275862069,0.5087719298245614,0.42105263157894735,0.6052631578947368,0.5034052631578948,0.5001175438596491,0.0696,0.1434181818181818,11.28619384765625,0.005366666666666631
open_wounds_head_trunk_vs_extremity_ccs,4,0.5,0.5087719298245614,0.42105263157894735,0.5964912280701754,0.5052245614035088,0.4996701754385965,0.109,0.19608465608465608,19.29950714111328,0.0035473684210526324
open_wounds_head_trunk_vs_extremity_ccs,5,0.5701970443349754,0.5789473684210527,0.49122807017543857,0.6754385964912281,0.5037964912280701,0.5001368421052632,0.0002,0.002518518518518519,16.628265380859375,0.07515087719298252
open_wounds_head_trunk_vs_extremity_ccs,6,0.5184729064039408,0.4824561403508772,0.39473684210526316,0.5789473684210527,0.500121052631579,0.5001947368421052,0.7078,0.8560283687943262,21.350427627563477,-0.017664912280701828
open_wounds_head_trunk_vs_extremity_ccs,7,0.5529556650246306,0.5614035087719298,0.4649122807017544,0.6491228070175439,0.5044947368421052,0.49970701754385966,0.042,0.09714285714285716,21.041568756103516,0.056908771929824575
open_wounds_head_trunk_vs_extremity_ccs,8,0.4975369458128079,0.5,0.41228070175438597,0.5964912280701754,0.5104175438596491,0.49997368421052635,0.8386,0.9488476821192053,37.374176025390625,-0.010417543859649103
open_wounds_head_trunk_vs_extremity_ccs,9,0.5566502463054187,0.4824561403508772,0.38596491228070173,0.5701754385964912,0.4879105263157895,0.49938245614035087,0.666,0.8512781954887219,68.51005554199219,-0.005454385964912323
open_wounds_head_trunk_vs_extremity_ccs,10,0.5431034482758621,0.4649122807017544,0.3684210526315789,0.5526315789473685,0.4997736842105263,0.5004087719298246,0.7766,0.9168194444444444,36.973655700683594,-0.034861403508771927
open_wounds_head_trunk_vs_extremity_ccs,11,0.5455665024630542,0.6052631578947368,0.5175438596491229,0.6929824561403509,0.5312736842105263,0.49970350877192987,0.1424,0.24736734693877552,104.795166015625,0.0739894736842105
open_wounds_head_trunk_vs_extremity_ccs,12,0.5270935960591133,0.5,0.41228070175438597,0.5964912280701754,0.5048315789473685,0.5000052631578947,0.5894,0.7737297297297298,61.29038619995117,-0.00483157894736852
open_wounds_head_trunk_vs_extremity_ccs,13,0.5332512315270936,0.5,0.40350877192982454,0.5877192982456141,0.5070894736842105,0.5000543859649123,0.7886,0.9245655172413791,63.625885009765625,-0.007089473684210534
open_wounds_head_trunk_vs_extremity_ccs,14,0.5615763546798029,0.5263157894736842,0.4298245614035088,0.6140350877192983,0.5038105263157895,0.49983859649122814,0.131,0.23077720207253885,62.35067367553711,0.022505263157894695
open_wounds_head_trunk_vs_extremity_ccs,15,0.5332512315270936,0.47368421052631576,0.38596491228070173,0.5614035087719298,0.4887368421052632,0.4987894736842105,0.5734,0.7585836575875488,99.2402572631836,-0.015052631578947429
open_wounds_head_trunk_vs_extremity_ccs,16,0.5012315270935961,0.5263157894736842,0.43859649122807015,0.6140350877192983,0.49588245614035087,0.5000947368421054,0.2152,0.3500861244019139,128.74464416503906,0.030433333333333312
open_wounds_head_trunk_vs_extremity_ccs,17,0.5554187192118226,0.4824561403508772,0.38596491228070173,0.5789473684210527,0.4974315789473684,0.49908245614035096,0.594,0.7737931034482758,169.74490356445312,-0.014975438596491197
open_wounds_head_trunk_vs_extremity_ccs,18,0.5529556650246306,0.5087719298245614,0.41228070175438597,0.5964912280701754,0.5017456140350878,0.49940526315789474,0.4264,0.5845806451612903,159.7261962890625,0.007026315789473658
open_wounds_head_trunk_vs_extremity_ccs,19,0.5270935960591133,0.5526315789473685,0.4649122807017544,0.6491228070175439,0.5024245614035088,0.5009596491228071,0.0606,0.1292,176.4927978515625,0.0502070175438597
open_wounds_head_trunk_vs_extremity_ccs,20,0.5258620689655172,0.6228070175438597,0.5350877192982456,0.7105263157894737,0.5053052631578948,0.5004964912280703,0.0002,0.002518518518518519,213.69406127929688,0.11750175438596488
open_wounds_head_trunk_vs_extremity_ccs,21,0.5431034482758621,0.5789473684210527,0.49122807017543857,0.6666666666666666,0.5053824561403508,0.5002192982456141,0.004,0.017215189873417722,230.6043243408203,0.07356491228070183
open_wounds_head_trunk_vs_extremity_ccs,22,0.6157635467980296,0.6403508771929824,0.5526315789473685,0.7280701754385965,0.5069526315789474,0.5002017543859649,0.0004,0.004,330.4924621582031,0.13339824561403502
open_wounds_head_trunk_vs_extremity_ccs,23,0.6305418719211823,0.5877192982456141,0.49122807017543857,0.6754385964912281,0.507478947368421,0.4988333333333333,0.0962,0.17947540983606558,447.2091979980469,0.08024035087719306
open_wounds_head_trunk_vs_extremity_ccs,24,0.6847290640394089,0.5701754385964912,0.4824561403508772,0.6578947368421053,0.514561403508772,0.5005859649122807,0.0724,0.14828915662650605,909.369873046875,0.05561403508771923
open_wounds_head_trunk_vs_extremity_ccs,25,0.6650246305418719,0.5175438596491229,0.42105263157894735,0.6054824561403477,0.5144017543859649,0.5004719298245615,0.2548,0.39922580645161293,1069.5941162109375,0.003142105263157946
open_wounds_head_trunk_vs_extremity_ccs,26,0.7068965517241379,0.543859649122807,0.45614035087719296,0.631578947368421,0.5198964912280702,0.49925087719298245,0.0826,0.1632790697674419,1494.46630859375,0.023963157894736797
open_wounds_head_trunk_vs_extremity_ccs,27,0.7192118226600985,0.543859649122807,0.45614035087719296,0.6403508771929824,0.5198122807017543,0.49987368421052636,0.0988,0.18157837837837837,1747.4061279296875,0.024047368421052706
open_wounds_head_trunk_vs_extremity_ccs,28,0.7315270935960592,0.543859649122807,0.45614035087719296,0.6403508771929824,0.5216754385964912,0.49926140350877196,0.0814,0.1628,2086.2861328125,0.022184210526315806
open_wounds_head_trunk_vs_extremity_ccs,29,0.7327586206896551,0.5526315789473685,0.4649122807017544,0.6491228070175439,0.5218298245614035,0.5008035087719299,0.086,0.16770786516853933,2334.049560546875,0.030801754385964997
open_wounds_head_trunk_vs_extremity_ccs,30,0.7339901477832512,0.6052631578947368,0.5175438596491229,0.6929824561403509,0.5245824561403509,0.4988929824561404,0.0164,0.04533333333333334,2783.751708984375,0.08068070175438591
open_wounds_head_trunk_vs_extremity_ccs,31,0.7549261083743842,0.631578947368421,0.543859649122807,0.7192982456140351,0.5246035087719298,0.5007807017543859,0.0084,0.028277227722772275,2950.480224609375,0.10697543859649117
open_wounds_head_trunk_vs_extremity_ccs,32,0.7253694581280788,0.5701754385964912,0.47368421052631576,0.6578947368421053,0.5234754385964913,0.5004684210526316,0.0388,0.09161111111111112,3091.271240234375,0.046699999999999964
open_wounds_head_trunk_vs_extremity_ccs,33,0.8990147783251231,0.7105263157894737,0.6228070175438597,0.7982456140350878,0.5274140350877192,0.49897192982456146,0.0008,0.006325581395348837,18.39520835876465,0.18311228070175445
pregnancy_complications_vs_birth_puerperium_ccs,0,0.526984126984127,0.5,0.42777777777777776,0.5777777777777777,0.5004588888888889,0.5000144444444444,0.9774,0.9924378698224853,2.323871612548828,-0.00045888888888889756
pregnancy_complications_vs_birth_puerperium_ccs,1,0.5031746031746032,0.5,0.42777777777777776,0.5722222222222222,0.5006577777777779,0.49992444444444445,0.983,0.9924378698224853,2.484738826751709,-0.0006577777777778682
pregnancy_complications_vs_birth_puerperium_ccs,2,0.5071428571428571,0.5222222222222223,0.45,0.5944444444444444,0.5029377777777778,0.5000322222222222,0.0222,0.05675187969924812,5.367905139923096,0.019284444444444437
pregnancy_complications_vs_birth_puerperium_ccs,3,0.5071428571428571,0.5222222222222223,0.45,0.5944444444444444,0.5025822222222223,0.5000266666666666,0.0212,0.05502290076335878,5.964300155639648,0.01963999999999999
pregnancy_complications_vs_birth_puerperium_ccs,4,0.5071428571428571,0.5,0.42777777777777776,0.5722222222222222,0.5036122222222222,0.4998177777777778,0.8832,0.9781368078175896,15.420218467712402,-0.003612222222222239
pregnancy_complications_vs_birth_puerperium_ccs,5,0.5,0.5,0.42777777777777776,0.5722222222222222,0.5028833333333333,0.5000244444444445,0.905,0.9924378698224853,18.3455867767334,-0.002883333333333349
pregnancy_complications_vs_birth_puerperium_ccs,6,0.5301587301587302,0.5166666666666667,0.4444444444444444,0.5888888888888889,0.50842,0.49944333333333335,0.2952,0.44608000000000003,16.482515335083008,0.008246666666666735
pregnancy_complications_vs_birth_puerperium_ccs,7,0.5174603174603175,0.5222222222222223,0.45,0.5944444444444444,0.5044677777777777,0.49953555555555557,0.2306,0.3698301886792453,11.848370552062988,0.017754444444444517
pregnancy_complications_vs_birth_puerperium_ccs,8,0.5134920634920634,0.5,0.42777777777777776,0.5722222222222222,0.5021577777777777,0.49977555555555553,0.6828,0.8560283687943262,16.73417091369629,-0.002157777777777703
pregnancy_complications_vs_birth_puerperium_ccs,9,0.5063492063492063,0.49444444444444446,0.4222222222222222,0.5722222222222222,0.4998011111111111,0.5006255555555555,0.6102,0.7888517110266159,16.34014129638672,-0.005356666666666621
pregnancy_complications_vs_birth_puerperium_ccs,10,0.5182539682539683,0.5111111111111111,0.4388888888888889,0.5833333333333334,0.5036988888888888,0.49969444444444444,0.3092,0.455982683982684,25.162439346313477,0.0074122222222222645
pregnancy_complications_vs_birth_puerperium_ccs,11,0.5047619047619047,0.4666666666666667,0.39444444444444443,0.5388888888888889,0.4897,0.4992888888888889,0.7148,0.8587703180212014,120.58702850341797,-0.02303333333333335
pregnancy_complications_vs_birth_puerperium_ccs,12,0.5119047619047619,0.48333333333333334,0.4111111111111111,0.5555555555555556,0.4969311111111111,0.5003633333333333,0.6788,0.8547851851851851,69.54752349853516,-0.013597777777777764
pregnancy_complications_vs_birth_puerperium_ccs,13,0.5182539682539683,0.5,0.42777777777777776,0.5722222222222222,0.5018199999999999,0.5002688888888888,0.847,0.9504290429042905,36.90857696533203,-0.0018199999999999328
pregnancy_complications_vs_birth_puerperium_ccs,14,0.5119047619047619,0.5,0.42777777777777776,0.5722222222222222,0.5021599999999999,0.4999,0.7046,0.8560283687943262,71.53170776367188,-0.0021599999999999397
pregnancy_complications_vs_birth_puerperium_ccs,15,0.49126984126984125,0.5,0.42777777777777776,0.5722222222222222,0.5014066666666667,0.49992555555555557,0.5922,0.7737931034482758,76.30924224853516,-0.0014066666666666672
pregnancy_complications_vs_birth_puerperium_ccs,16,0.623015873015873,0.5388888888888889,0.46111111111111114,0.6111111111111112,0.5014811111111112,0.5002544444444444,0.2368,0.37685981308411215,83.63996124267578,0.037407777777777707
pregnancy_complications_vs_birth_puerperium_ccs,17,0.573015873015873,0.6,0.5277777777777778,0.6722222222222223,0.5036744444444444,0.5008311111111111,0.0,0.0,106.32774353027344,0.09632555555555555
pregnancy_complications_vs_birth_puerperium_ccs,18,0.5468253968253968,0.5722222222222222,0.5,0.6444444444444445,0.5038488888888889,0.5005833333333334,0.0414,0.09687671232876713,124.97510528564453,0.06837333333333329
pregnancy_complications_vs_birth_puerperium_ccs,19,0.5214285714285715,0.5611111111111111,0.4888888888888889,0.6333333333333333,0.5038488888888889,0.4990566666666666,0.0416,0.09687671232876713,164.0768280029297,0.057262222222222214
pregnancy_complications_vs_birth_puerperium_ccs,20,0.5047619047619047,0.5055555555555555,0.43333333333333335,0.5777777777777777,0.5045077777777778,0.5001866666666667,0.4226,0.5817165991902834,258.5709228515625,0.0010477777777777586
pregnancy_complications_vs_birth_puerperium_ccs,21,0.5388888888888889,0.49444444444444446,0.4222222222222222,0.5666666666666667,0.5038977777777777,0.5004522222222222,0.6948,0.8560283687943262,244.60928344726562,-0.009453333333333203
pregnancy_complications_vs_birth_puerperium_ccs,22,0.6341269841269841,0.5666666666666667,0.49444444444444446,0.6388888888888888,0.5053322222222222,0.4999655555555556,0.003,0.014166666666666668,303.614990234375,0.06133444444444447
pregnancy_complications_vs_birth_puerperium_ccs,23,0.6103174603174604,0.5555555555555556,0.48333333333333334,0.6277777777777778,0.5041122222222222,0.49967555555555554,0.0042,0.01741463414634146,411.5968933105469,0.051443333333333396
pregnancy_complications_vs_birth_puerperium_ccs,24,0.6817460317460318,0.5888888888888889,0.5166666666666667,0.6611111111111111,0.5102466666666666,0.49972888888888883,0.0006,0.005368421052631579,769.87060546875,0.07864222222222228
pregnancy_complications_vs_birth_puerperium_ccs,25,0.7555555555555555,0.6111111111111112,0.5388888888888889,0.6833333333333333,0.5111600000000001,0.5002522222222222,0.0004,0.004,913.8615112304688,0.0999511111111111
pregnancy_complications_vs_birth_puerperium_ccs,26,0.796031746031746,0.6777777777777778,0.6111111111111112,0.7444444444444445,0.5124844444444444,0.5004811111111112,0.0,0.0,1253.3795166015625,0.1652933333333334
pregnancy_complications_vs_birth_puerperium_ccs,27,0.7341269841269841,0.5944444444444444,0.5222222222222223,0.6666666666666666,0.5136444444444445,0.5007244444444444,0.0022,0.012064516129032258,1434.1595458984375,0.08079999999999998
pregnancy_complications_vs_birth_puerperium_ccs,28,0.796031746031746,0.6888888888888889,0.6222222222222222,0.7555555555555555,0.5137855555555555,0.5008355555555556,0.0,0.0,1636.1693115234375,0.1751033333333334
pregnancy_complications_vs_birth_puerperium_ccs,29,0.7849206349206349,0.6777777777777778,0.6055555555555555,0.7445833333333314,0.5138844444444444,0.49995888888888884,0.0,0.0,1805.1329345703125,0.16389333333333345
pregnancy_complications_vs_birth_puerperium_ccs,30,0.6928571428571428,0.5555555555555556,0.48333333333333334,0.6277777777777778,0.5135299999999999,0.4999333333333334,0.0166,0.04551612903225807,2084.66943359375,0.04202555555555565
pregnancy_complications_vs_birth_puerperium_ccs,31,0.7111111111111111,0.5666666666666667,0.49444444444444446,0.6388888888888888,0.5140188888888888,0.5002766666666666,0.0114,0.03491891891891892,2191.026123046875,0.05264777777777785
pregnancy_complications_vs_birth_puerperium_ccs,32,0.6888888888888889,0.55,0.4777777777777778,0.6222222222222222,0.5133022222222222,0.500141111111111,0.0236,0.05943703703703703,2262.936767578125,0.03669777777777783
pregnancy_complications_vs_birth_puerperium_ccs,33,0.8198412698412698,0.6888888888888889,0.6166666666666667,0.7555555555555555,0.5150366666666667,0.4997411111111111,0.0,0.0,13.819060325622559,0.17385222222222219
