clarify_probe_auroc,cos_clarify_repetition,cos_clarify_unresolved,layer,sd_proj_probe
0.7477777777777778,-0.215095654129982,0.34108367562294006,0,102.52799987792969
0.7322222222222222,0.27144861221313477,0.09971804171800613,1,96.25774383544922
0.8788888888888889,0.2964865565299988,-0.06516716629266739,2,76.39907836914062
0.9411111111111111,0.5903218984603882,0.25743186473846436,3,86.58995056152344
0.7633333333333333,0.681551456451416,0.14725342392921448,4,211.2740020751953
0.8633333333333333,0.7200314402580261,0.7033108472824097,5,290.07720947265625
0.8744444444444445,0.4246484041213989,0.3114507794380188,6,163.4573516845703
0.8411111111111111,0.7124207019805908,0.9086373448371887,7,544.4744873046875
0.9122222222222223,0.21372643113136292,0.05000728368759155,8,214.83380126953125
0.7766666666666666,0.9292430281639099,0.6565013527870178,9,1100.0198974609375
0.6977777777777778,-0.4646923243999481,0.06632546335458755,10,664.0641479492188
0.6733333333333333,-0.6793076395988464,0.4163907468318939,11,1449.67919921875
0.6722222222222223,-0.43112504482269287,-0.18965207040309906,12,981.2743530273438
0.6855555555555556,-0.42997193336486816,0.1229095309972763,13,1050.094970703125
0.7322222222222222,0.343349814414978,0.13594166934490204,14,952.2924194335938
0.7244444444444444,-0.6814316511154175,0.4531276226043701,15,1568.824462890625
0.7588888888888888,-0.3857186436653137,0.5428751111030579,16,1558.2623291015625
0.8977777777777778,-0.046599797904491425,0.304885596036911,17,895.5550537109375
0.79,-0.2607439160346985,-0.3100680708885193,18,1690.06298828125
0.8388888888888889,-0.4417981803417206,-0.39163267612457275,19,1913.576416015625
0.8766666666666667,-0.44015568494796753,-0.324903279542923,20,2140.705322265625
0.8533333333333334,-0.3204697370529175,-0.28861457109451294,21,1755.5928955078125
0.9044444444444445,-0.3625335991382599,-0.2083616554737091,22,1659.3477783203125
0.8966666666666666,-0.31307247281074524,-0.10931160300970078,23,1644.7086181640625
0.9344444444444444,-0.33798688650131226,-0.10257841646671295,24,1709.583984375
0.9955555555555555,-0.17654143273830414,0.016651630401611328,25,1433.7545166015625
0.9344444444444444,-0.280497282743454,0.06148647516965866,26,2057.283935546875
0.9477777777777778,-0.26201143860816956,0.06602096557617188,27,2173.4296875
0.9,-0.1979469656944275,0.0780886858701706,28,2914.351806640625
0.9288888888888889,-0.15823659300804138,0.09988770633935928,29,2811.689697265625
0.9911111111111112,-0.08215780556201935,0.21730241179466248,30,2124.6103515625
0.9988888888888889,-0.014563093893229961,0.10763873904943466,31,2015.9315185546875
0.9755555555555555,0.01013653352856636,0.31416815519332886,32,2648.445068359375
0.8666666666666667,0.29203224182128906,0.2722676694393158,33,3539.690185546875
