layer,mode,sd_train_random_dir,max_abs_dlogit,mean_abs_d_AB_margin,reachable
9,read_pos,12.009146407810844,0.05392011006673177,0.005548357963562012,False
9,read_to_end,13.186090755763132,1.404958724975586,0.15684489409128824,True
9,prompt_all,18.444458536253634,3.274458567301432,0.4964900215466817,True
17,read_pos,51.64288035838022,0.007936239242553711,0.0003485679626464844,False
17,read_to_end,56.737111906079036,0.7312626043955485,0.08506214618682861,True
17,prompt_all,48.636125750945304,0.6604330937067667,0.05753920475641886,True
22,read_pos,121.78137428541272,0.010656118392944336,0.0004669030507405599,False
22,read_to_end,119.91746433192742,1.1152353286743164,0.08388845125834148,True
22,prompt_all,87.56224876745166,1.0573614438374836,0.1530697544415792,True
29,read_pos,194.72997782214043,0.013964970906575521,0.0006925264994303385,False
29,read_to_end,197.43407620235803,0.6812365651130676,0.061336000760396324,True
29,prompt_all,239.41486401950576,0.9947553475697836,0.0800766150156657,True
