item_id,family_id,condition,domain,label,subtype,n_turns,n_chars,n_words,n_qmarks,rep_user,rep_any
appointment_001__rep_unres,appointment_001,rep_unres,appointment,unresolved,unanswered_question,5,462,87,3,9,9
appointment_001__rep_res,appointment_001,rep_res,appointment,resolved,readback_confirmation,5,470,85,3,5,5
appointment_001__norep_unres,appointment_001,norep_unres,appointment,unresolved,contradiction,5,458,85,3,2,2
appointment_001__norep_res,appointment_001,norep_res,appointment,resolved,clean_progress,5,456,85,3,2,2
appointment_002__rep_unres,appointment_002,rep_unres,appointment,unresolved,unanswered_question,5,550,109,2,13,13
appointment_002__rep_res,appointment_002,rep_res,appointment,resolved,emphasis_repeat,5,547,111,2,10,10
appointment_002__norep_unres,appointment_002,norep_unres,appointment,unresolved,ambiguous_reference,5,563,115,2,1,1
appointment_002__norep_res,appointment_002,norep_res,appointment,resolved,clean_progress,5,567,116,2,1,3
appointment_003__rep_unres,appointment_003,rep_unres,appointment,unresolved,ambiguous_reference,7,625,122,1,2,6
appointment_003__rep_res,appointment_003,rep_res,appointment,resolved,readback_confirmation,7,606,120,1,2,7
appointment_003__norep_unres,appointment_003,norep_unres,appointment,unresolved,contradiction,7,630,125,1,1,2
appointment_003__norep_res,appointment_003,norep_res,appointment,resolved,clean_progress,7,630,125,1,1,2
appointment_004__rep_unres,appointment_004,rep_unres,appointment,unresolved,unanswered_question,5,557,107,2,13,13
appointment_004__rep_res,appointment_004,rep_res,appointment,resolved,emphasis_repeat,5,566,112,2,6,6
appointment_004__norep_unres,appointment_004,norep_unres,appointment,unresolved,contradiction,5,518,101,2,1,2
appointment_004__norep_res,appointment_004,norep_res,appointment,resolved,clean_progress,5,519,101,2,1,2
appointment_005__rep_unres,appointment_005,rep_unres,appointment,unresolved,contradiction,7,690,135,0,6,6
appointment_005__rep_res,appointment_005,rep_res,appointment,resolved,readback_confirmation,7,689,135,0,6,6
appointment_005__norep_unres,appointment_005,norep_unres,appointment,unresolved,unanswered_question,7,737,142,0,2,2
appointment_005__norep_res,appointment_005,norep_res,appointment,resolved,emphasis_repeat,7,749,143,0,2,2
appointment_006__rep_unres,appointment_006,rep_unres,appointment,unresolved,ambiguous_reference,5,517,106,1,1,9
appointment_006__rep_res,appointment_006,rep_res,appointment,resolved,readback_confirmation,5,524,107,1,1,9
appointment_006__norep_unres,appointment_006,norep_unres,appointment,unresolved,unanswered_question,5,493,91,1,1,1
appointment_006__norep_res,appointment_006,norep_res,appointment,resolved,clean_progress,5,495,91,1,1,1
appointment_007__rep_unres,appointment_007,rep_unres,appointment,unresolved,ambiguous_reference,5,603,118,1,6,6
appointment_007__rep_res,appointment_007,rep_res,appointment,resolved,readback_confirmation,5,605,118,1,6,6
appointment_007__norep_unres,appointment_007,norep_unres,appointment,unresolved,unanswered_question,5,607,114,1,1,2
appointment_007__norep_res,appointment_007,norep_res,appointment,resolved,clean_progress,5,606,113,1,1,2
appointment_008__rep_unres,appointment_008,rep_unres,appointment,unresolved,unanswered_question,7,853,175,1,14,14
appointment_008__rep_res,appointment_008,rep_res,appointment,resolved,emphasis_repeat,7,840,169,1,10,10
appointment_008__norep_unres,appointment_008,norep_unres,appointment,unresolved,contradiction,7,880,179,1,2,3
appointment_008__norep_res,appointment_008,norep_res,appointment,resolved,clean_progress,7,879,179,1,2,3
appointment_009__rep_unres,appointment_009,rep_unres,appointment,unresolved,contradiction,5,647,129,1,1,6
appointment_009__rep_res,appointment_009,rep_res,appointment,resolved,readback_confirmation,5,687,137,1,1,6
appointment_009__norep_unres,appointment_009,norep_unres,appointment,unresolved,ambiguous_reference,5,633,123,1,1,2
appointment_009__norep_res,appointment_009,norep_res,appointment,resolved,emphasis_repeat,5,641,124,1,1,2
appointment_010__rep_unres,appointment_010,rep_unres,appointment,unresolved,ambiguous_reference,7,904,180,1,1,15
appointment_010__rep_res,appointment_010,rep_res,appointment,resolved,readback_confirmation,7,912,181,1,1,15
appointment_010__norep_unres,appointment_010,norep_unres,appointment,unresolved,unanswered_question,7,900,178,1,2,3
appointment_010__norep_res,appointment_010,norep_res,appointment,resolved,clean_progress,7,904,179,1,2,3
appointment_011__rep_unres,appointment_011,rep_unres,appointment,unresolved,unanswered_question,5,638,118,1,13,13
appointment_011__rep_res,appointment_011,rep_res,appointment,resolved,readback_confirmation,5,661,121,1,7,7
appointment_011__norep_unres,appointment_011,norep_unres,appointment,unresolved,contradiction,5,643,120,1,2,2
appointment_011__norep_res,appointment_011,norep_res,appointment,resolved,clean_progress,5,639,120,1,2,2
appointment_012__rep_unres,appointment_012,rep_unres,appointment,unresolved,contradiction,5,733,149,1,8,8
appointment_012__rep_res,appointment_012,rep_res,appointment,resolved,emphasis_repeat,5,712,145,1,8,8
appointment_012__norep_unres,appointment_012,norep_unres,appointment,unresolved,ambiguous_reference,5,660,126,1,1,3
appointment_012__norep_res,appointment_012,norep_res,appointment,resolved,readback_confirmation,5,673,128,1,1,3
appointment_013__rep_unres,appointment_013,rep_unres,appointment,unresolved,ambiguous_reference,7,890,172,1,11,11
appointment_013__rep_res,appointment_013,rep_res,appointment,resolved,emphasis_repeat,7,891,172,1,11,11
appointment_013__norep_unres,appointment_013,norep_unres,appointment,unresolved,contradiction,7,866,166,1,2,2
appointment_013__norep_res,appointment_013,norep_res,appointment,resolved,clean_progress,7,858,166,1,3,3
appointment_014__rep_unres,appointment_014,rep_unres,appointment,unresolved,unanswered_question,5,628,120,1,9,9
appointment_014__rep_res,appointment_014,rep_res,appointment,resolved,emphasis_repeat,5,620,121,1,9,9
appointment_014__norep_unres,appointment_014,norep_unres,appointment,unresolved,ambiguous_reference,5,717,140,1,2,3
appointment_014__norep_res,appointment_014,norep_res,appointment,resolved,clean_progress,5,716,140,1,2,3
appointment_015__rep_unres,appointment_015,rep_unres,appointment,unresolved,contradiction,5,685,141,1,1,7
appointment_015__rep_res,appointment_015,rep_res,appointment,resolved,readback_confirmation,5,690,142,1,3,7
appointment_015__norep_unres,appointment_015,norep_unres,appointment,unresolved,unanswered_question,5,598,116,1,3,3
appointment_015__norep_res,appointment_015,norep_res,appointment,resolved,emphasis_repeat,5,594,114,1,3,3
appointment_016__rep_unres,appointment_016,rep_unres,appointment,unresolved,unanswered_question,5,573,107,2,15,15
appointment_016__rep_res,appointment_016,rep_res,appointment,resolved,readback_confirmation,5,605,114,2,4,11
appointment_016__norep_unres,appointment_016,norep_unres,appointment,unresolved,contradiction,5,573,105,2,1,3
appointment_016__norep_res,appointment_016,norep_res,appointment,resolved,clean_progress,5,572,105,2,1,3
appointment_017__rep_unres,appointment_017,rep_unres,appointment,unresolved,ambiguous_reference,7,891,158,0,9,9
appointment_017__rep_res,appointment_017,rep_res,appointment,resolved,emphasis_repeat,7,894,158,0,9,9
appointment_017__norep_unres,appointment_017,norep_unres,appointment,unresolved,contradiction,7,851,155,0,2,4
appointment_017__norep_res,appointment_017,norep_res,appointment,resolved,clean_progress,7,856,157,0,2,4
appointment_018__rep_unres,appointment_018,rep_unres,appointment,unresolved,contradiction,5,637,117,1,11,11
appointment_018__rep_res,appointment_018,rep_res,appointment,resolved,readback_confirmation,5,638,117,1,11,11
appointment_018__norep_unres,appointment_018,norep_unres,appointment,unresolved,unanswered_question,5,608,121,1,2,2
appointment_018__norep_res,appointment_018,norep_res,appointment,resolved,emphasis_repeat,5,650,129,1,2,2
appointment_019__rep_unres,appointment_019,rep_unres,appointment,unresolved,unanswered_question,7,837,160,2,15,15
appointment_019__rep_res,appointment_019,rep_res,appointment,resolved,readback_confirmation,7,840,157,2,5,7
appointment_019__norep_unres,appointment_019,norep_unres,appointment,unresolved,ambiguous_reference,7,855,156,2,1,2
appointment_019__norep_res,appointment_019,norep_res,appointment,resolved,clean_progress,7,859,157,2,1,2
appointment_020__rep_unres,appointment_020,rep_unres,appointment,unresolved,ambiguous_reference,5,704,126,0,10,10
appointment_020__rep_res,appointment_020,rep_res,appointment,resolved,emphasis_repeat,5,706,126,0,10,10
appointment_020__norep_unres,appointment_020,norep_unres,appointment,unresolved,contradiction,5,674,130,0,1,3
appointment_020__norep_res,appointment_020,norep_res,appointment,resolved,clean_progress,5,666,128,0,2,3
appointment_021__rep_unres,appointment_021,rep_unres,appointment,unresolved,unanswered_question,7,890,167,2,19,19
appointment_021__rep_res,appointment_021,rep_res,appointment,resolved,readback_confirmation,7,882,163,2,7,9
appointment_021__norep_unres,appointment_021,norep_unres,appointment,unresolved,contradiction,7,947,172,2,2,3
appointment_021__norep_res,appointment_021,norep_res,appointment,resolved,emphasis_repeat,7,949,172,2,2,3
appointment_022__rep_unres,appointment_022,rep_unres,appointment,unresolved,contradiction,5,754,144,1,15,15
appointment_022__rep_res,appointment_022,rep_res,appointment,resolved,emphasis_repeat,5,745,145,1,15,15
appointment_022__norep_unres,appointment_022,norep_unres,appointment,unresolved,ambiguous_reference,5,709,137,1,3,3
appointment_022__norep_res,appointment_022,norep_res,appointment,resolved,clean_progress,5,702,135,1,2,3
appointment_023__rep_unres,appointment_023,rep_unres,appointment,unresolved,ambiguous_reference,7,945,173,1,4,12
appointment_023__rep_res,appointment_023,rep_res,appointment,resolved,readback_confirmation,7,945,173,1,4,12
appointment_023__norep_unres,appointment_023,norep_unres,appointment,unresolved,unanswered_question,7,902,161,1,2,2
appointment_023__norep_res,appointment_023,norep_res,appointment,resolved,clean_progress,7,912,161,1,2,2
appointment_024__rep_unres,appointment_024,rep_unres,appointment,unresolved,unanswered_question,5,684,125,0,11,11
appointment_024__rep_res,appointment_024,rep_res,appointment,resolved,emphasis_repeat,5,725,134,0,11,11
appointment_024__norep_unres,appointment_024,norep_unres,appointment,unresolved,ambiguous_reference,5,711,131,0,1,3
appointment_024__norep_res,appointment_024,norep_res,appointment,resolved,readback_confirmation,5,715,132,0,1,3
cooking_001__rep_unres,cooking_001,rep_unres,cooking,unresolved,unanswered_question,5,576,106,2,12,12
cooking_001__rep_res,cooking_001,rep_res,cooking,resolved,readback_confirmation,5,595,106,2,10,10
cooking_001__norep_unres,cooking_001,norep_unres,cooking,unresolved,contradiction,5,625,117,2,1,2
cooking_001__norep_res,cooking_001,norep_res,cooking,resolved,clean_progress,5,625,117,2,1,2
cooking_002__rep_unres,cooking_002,rep_unres,cooking,unresolved,ambiguous_reference,7,796,152,2,7,10
cooking_002__rep_res,cooking_002,rep_res,cooking,resolved,emphasis_repeat,7,799,152,2,7,10
cooking_002__norep_unres,cooking_002,norep_unres,cooking,unresolved,unanswered_question,7,818,155,2,1,1
cooking_002__norep_res,cooking_002,norep_res,cooking,resolved,clean_progress,7,811,155,2,1,1
cooking_003__rep_unres,cooking_003,rep_unres,cooking,unresolved,contradiction,5,634,126,2,2,10
cooking_003__rep_res,cooking_003,rep_res,cooking,resolved,readback_confirmation,5,641,127,2,2,10
cooking_003__norep_unres,cooking_003,norep_unres,cooking,unresolved,ambiguous_reference,5,586,110,2,2,2
cooking_003__norep_res,cooking_003,norep_res,cooking,resolved,clean_progress,5,585,110,2,2,2
cooking_004__rep_unres,cooking_004,rep_unres,cooking,unresolved,unanswered_question,5,619,117,2,11,11
cooking_004__rep_res,cooking_004,rep_res,cooking,resolved,emphasis_repeat,5,618,121,2,7,7
cooking_004__norep_unres,cooking_004,norep_unres,cooking,unresolved,contradiction,5,630,116,2,2,2
cooking_004__norep_res,cooking_004,norep_res,cooking,resolved,clean_progress,5,631,116,2,2,2
cooking_005__rep_unres,cooking_005,rep_unres,cooking,unresolved,ambiguous_reference,7,991,191,2,1,11
cooking_005__rep_res,cooking_005,rep_res,cooking,resolved,readback_confirmation,7,992,191,2,1,11
cooking_005__norep_unres,cooking_005,norep_unres,cooking,unresolved,unanswered_question,7,906,168,2,1,3
cooking_005__norep_res,cooking_005,norep_res,cooking,resolved,emphasis_repeat,7,902,166,2,1,3
cooking_006__rep_unres,cooking_006,rep_unres,cooking,unresolved,contradiction,5,571,116,1,7,7
cooking_006__rep_res,cooking_006,rep_res,cooking,resolved,emphasis_repeat,5,571,116,1,7,7
cooking_006__norep_unres,cooking_006,norep_unres,cooking,unresolved,ambiguous_reference,5,608,122,1,2,3
cooking_006__norep_res,cooking_006,norep_res,cooking,resolved,clean_progress,5,613,123,1,2,3
cooking_007__rep_unres,cooking_007,rep_unres,cooking,unresolved,unanswered_question,5,679,128,2,12,12
cooking_007__rep_res,cooking_007,rep_res,cooking,resolved,readback_confirmation,5,723,132,2,1,15
cooking_007__norep_unres,cooking_007,norep_unres,cooking,unresolved,contradiction,5,742,141,2,2,3
cooking_007__norep_res,cooking_007,norep_res,cooking,resolved,clean_progress,5,743,141,2,2,3
cooking_008__rep_unres,cooking_008,rep_unres,cooking,unresolved,contradiction,7,872,162,2,11,11
cooking_008__rep_res,cooking_008,rep_res,cooking,resolved,emphasis_repeat,7,873,162,2,11,11
cooking_008__norep_unres,cooking_008,norep_unres,cooking,unresolved,ambiguous_reference,7,920,168,2,2,2
cooking_008__norep_res,cooking_008,norep_res,cooking,resolved,clean_progress,7,926,168,2,2,2
cooking_009__rep_unres,cooking_009,rep_unres,cooking,unresolved,ambiguous_reference,5,757,148,2,2,9
cooking_009__rep_res,cooking_009,rep_res,cooking,resolved,readback_confirmation,5,763,149,2,2,9
cooking_009__norep_unres,cooking_009,norep_unres,cooking,unresolved,unanswered_question,5,725,143,2,1,2
cooking_009__norep_res,cooking_009,norep_res,cooking,resolved,clean_progress,5,732,143,2,1,2
cooking_010__rep_unres,cooking_010,rep_unres,cooking,unresolved,unanswered_question,5,693,131,2,9,9
cooking_010__rep_res,cooking_010,rep_res,cooking,resolved,emphasis_repeat,5,715,139,2,7,7
cooking_010__norep_unres,cooking_010,norep_unres,cooking,unresolved,contradiction,5,746,143,2,2,2
cooking_010__norep_res,cooking_010,norep_res,cooking,resolved,clean_progress,5,746,143,2,2,2
cooking_011__rep_unres,cooking_011,rep_unres,cooking,unresolved,contradiction,7,845,164,2,2,12
cooking_011__rep_res,cooking_011,rep_res,cooking,resolved,readback_confirmation,7,843,164,2,2,12
cooking_011__norep_unres,cooking_011,norep_unres,cooking,unresolved,ambiguous_reference,7,863,166,2,2,3
cooking_011__norep_res,cooking_011,norep_res,cooking,resolved,clean_progress,7,871,167,2,2,3
cooking_012__rep_unres,cooking_012,rep_unres,cooking,unresolved,ambiguous_reference,5,885,171,2,7,7
cooking_012__rep_res,cooking_012,rep_res,cooking,resolved,emphasis_repeat,5,891,172,2,7,7
cooking_012__norep_unres,cooking_012,norep_unres,cooking,unresolved,unanswered_question,5,851,164,2,2,3
cooking_012__norep_res,cooking_012,norep_res,cooking,resolved,clean_progress,5,874,171,2,2,3
cooking_013__rep_unres,cooking_013,rep_unres,cooking,unresolved,unanswered_question,5,770,147,2,12,12
cooking_013__rep_res,cooking_013,rep_res,cooking,resolved,readback_confirmation,5,788,155,2,2,6
cooking_013__norep_unres,cooking_013,norep_unres,cooking,unresolved,contradiction,5,874,174,2,1,2
cooking_013__norep_res,cooking_013,norep_res,cooking,resolved,emphasis_repeat,5,875,174,2,1,2
cooking_014__rep_unres,cooking_014,rep_unres,cooking,unresolved,unanswered_question,5,811,160,2,9,9
cooking_014__rep_res,cooking_014,rep_res,cooking,resolved,readback_confirmation,5,784,151,2,2,10
cooking_014__norep_unres,cooking_014,norep_unres,cooking,unresolved,contradiction,5,841,166,2,2,2
cooking_014__norep_res,cooking_014,norep_res,cooking,resolved,clean_progress,5,854,169,2,3,3
cooking_015__rep_unres,cooking_015,rep_unres,cooking,unresolved,contradiction,7,1067,207,2,6,6
cooking_015__rep_res,cooking_015,rep_res,cooking,resolved,emphasis_repeat,7,1066,207,2,6,6
cooking_015__norep_unres,cooking_015,norep_unres,cooking,unresolved,ambiguous_reference,7,1034,207,2,1,2
cooking_015__norep_res,cooking_015,norep_res,cooking,resolved,clean_progress,7,1049,211,2,4,4
cooking_016__rep_unres,cooking_016,rep_unres,cooking,unresolved,ambiguous_reference,5,832,163,2,2,13
cooking_016__rep_res,cooking_016,rep_res,cooking,resolved,readback_confirmation,5,840,164,2,2,13
cooking_016__norep_unres,cooking_016,norep_unres,cooking,unresolved,unanswered_question,5,805,154,2,3,3
cooking_016__norep_res,cooking_016,norep_res,cooking,resolved,clean_progress,5,823,158,2,3,3
cooking_017__rep_unres,cooking_017,rep_unres,cooking,unresolved,unanswered_question,5,896,171,2,24,24
cooking_017__rep_res,cooking_017,rep_res,cooking,resolved,emphasis_repeat,5,876,168,2,10,10
cooking_017__norep_unres,cooking_017,norep_unres,cooking,unresolved,ambiguous_reference,5,828,153,2,2,2
cooking_017__norep_res,cooking_017,norep_res,cooking,resolved,clean_progress,5,839,154,2,2,2
cooking_018__rep_unres,cooking_018,rep_unres,cooking,unresolved,contradiction,7,1137,218,2,2,23
cooking_018__rep_res,cooking_018,rep_res,cooking,resolved,readback_confirmation,7,1132,217,2,2,23
cooking_018__norep_unres,cooking_018,norep_unres,cooking,unresolved,unanswered_question,7,1075,210,2,2,3
cooking_018__norep_res,cooking_018,norep_res,cooking,resolved,emphasis_repeat,7,1095,213,2,2,3
cooking_019__rep_unres,cooking_019,rep_unres,cooking,unresolved,ambiguous_reference,5,1169,216,1,16,16
cooking_019__rep_res,cooking_019,rep_res,cooking,resolved,emphasis_repeat,5,1190,219,1,16,16
cooking_019__norep_unres,cooking_019,norep_unres,cooking,unresolved,contradiction,5,1095,206,1,2,2
cooking_019__norep_res,cooking_019,norep_res,cooking,resolved,clean_progress,5,1100,206,1,2,2
cooking_020__rep_unres,cooking_020,rep_unres,cooking,unresolved,unanswered_question,5,752,146,2,9,9
cooking_020__rep_res,cooking_020,rep_res,cooking,resolved,readback_confirmation,5,771,145,2,1,13
cooking_020__norep_unres,cooking_020,norep_unres,cooking,unresolved,contradiction,5,831,161,2,2,2
cooking_020__norep_res,cooking_020,norep_res,cooking,resolved,clean_progress,5,831,161,2,2,2
cooking_021__rep_unres,cooking_021,rep_unres,cooking,unresolved,contradiction,7,1098,218,1,13,13
cooking_021__rep_res,cooking_021,rep_res,cooking,resolved,emphasis_repeat,7,1112,220,1,13,13
cooking_021__norep_unres,cooking_021,norep_unres,cooking,unresolved,ambiguous_reference,7,1091,213,1,2,2
cooking_021__norep_res,cooking_021,norep_res,cooking,resolved,clean_progress,7,1105,215,1,2,3
cooking_022__rep_unres,cooking_022,rep_unres,cooking,unresolved,ambiguous_reference,5,864,171,2,2,14
cooking_022__rep_res,cooking_022,rep_res,cooking,resolved,readback_confirmation,5,880,174,2,2,14
cooking_022__norep_unres,cooking_022,norep_unres,cooking,unresolved,unanswered_question,5,841,153,2,2,2
cooking_022__norep_res,cooking_022,norep_res,cooking,resolved,emphasis_repeat,5,889,163,2,2,2
cooking_023__rep_unres,cooking_023,rep_unres,cooking,unresolved,unanswered_question,7,1049,199,2,1,14
cooking_023__rep_res,cooking_023,rep_res,cooking,resolved,readback_confirmation,7,1064,202,2,1,14
cooking_023__norep_unres,cooking_023,norep_unres,cooking,unresolved,ambiguous_reference,7,1142,210,2,3,3
cooking_023__norep_res,cooking_023,norep_res,cooking,resolved,clean_progress,7,1149,211,2,3,3
cooking_024__rep_unres,cooking_024,rep_unres,cooking,unresolved,unanswered_question,5,837,169,2,13,13
cooking_024__rep_res,cooking_024,rep_res,cooking,resolved,emphasis_repeat,5,865,173,2,13,13
cooking_024__norep_unres,cooking_024,norep_unres,cooking,unresolved,contradiction,5,791,159,2,1,1
cooking_024__norep_res,cooking_024,norep_res,cooking,resolved,readback_confirmation,5,801,161,2,1,1
household_001__rep_unres,household_001,rep_unres,household,unresolved,unanswered_question,5,546,105,2,14,14
household_001__rep_res,household_001,rep_res,household,resolved,readback_confirmation,5,558,106,2,3,7
household_001__norep_unres,household_001,norep_unres,household,unresolved,contradiction,5,529,103,2,1,1
household_001__norep_res,household_001,norep_res,household,resolved,clean_progress,5,529,103,2,1,1
household_002__rep_unres,household_002,rep_unres,household,unresolved,ambiguous_reference,7,734,137,1,6,6
household_002__rep_res,household_002,rep_res,household,resolved,emphasis_repeat,7,755,140,1,4,12
household_002__norep_unres,household_002,norep_unres,household,unresolved,unanswered_question,7,712,133,1,2,2
household_002__norep_res,household_002,norep_res,household,resolved,readback_confirmation,7,722,134,1,2,2
household_003__rep_unres,household_003,rep_unres,household,unresolved,contradiction,5,619,111,2,1,9
household_003__rep_res,household_003,rep_res,household,resolved,readback_confirmation,5,617,111,2,1,9
household_003__norep_unres,household_003,norep_unres,household,unresolved,ambiguous_reference,5,616,114,2,2,2
household_003__norep_res,household_003,norep_res,household,resolved,clean_progress,5,616,114,2,2,2
household_004__rep_unres,household_004,rep_unres,household,unresolved,unanswered_question,5,692,128,3,12,12
household_004__rep_res,household_004,rep_res,household,resolved,emphasis_repeat,5,676,124,3,10,10
household_004__norep_unres,household_004,norep_unres,household,unresolved,ambiguous_reference,5,684,133,3,3,3
household_004__norep_res,household_004,norep_res,household,resolved,clean_progress,5,685,133,3,3,3
household_005__rep_unres,household_005,rep_unres,household,unresolved,ambiguous_reference,7,916,178,2,9,9
household_005__rep_res,household_005,rep_res,household,resolved,readback_confirmation,7,918,178,2,9,9
household_005__norep_unres,household_005,norep_unres,household,unresolved,contradiction,7,859,163,2,3,3
household_005__norep_res,household_005,norep_res,household,resolved,clean_progress,7,864,163,2,3,3
household_006__rep_unres,household_006,rep_unres,household,unresolved,contradiction,5,678,128,1,12,12
household_006__rep_res,household_006,rep_res,household,resolved,emphasis_repeat,5,678,128,1,12,12
household_006__norep_unres,household_006,norep_unres,household,unresolved,unanswered_question,5,623,124,1,2,2
household_006__norep_res,household_006,norep_res,household,resolved,clean_progress,5,627,124,1,2,2
household_007__rep_unres,household_007,rep_unres,household,unresolved,unanswered_question,5,654,126,2,16,16
household_007__rep_res,household_007,rep_res,household,resolved,emphasis_repeat,5,666,129,1,13,13
household_007__norep_unres,household_007,norep_unres,household,unresolved,contradiction,5,627,123,2,2,2
household_007__norep_res,household_007,norep_res,household,resolved,readback_confirmation,5,624,123,2,2,2
household_008__rep_unres,household_008,rep_unres,household,unresolved,ambiguous_reference,7,926,182,2,8,8
household_008__rep_res,household_008,rep_res,household,resolved,emphasis_repeat,7,936,184,2,8,8
household_008__norep_unres,household_008,norep_unres,household,unresolved,unanswered_question,7,929,185,2,2,2
household_008__norep_res,household_008,norep_res,household,resolved,clean_progress,7,939,189,2,2,2
household_009__rep_unres,household_009,rep_unres,household,unresolved,contradiction,5,765,150,1,17,17
household_009__rep_res,household_009,rep_res,household,resolved,emphasis_repeat,5,765,150,1,17,17
household_009__norep_unres,household_009,norep_unres,household,unresolved,ambiguous_reference,5,738,138,1,1,2
household_009__norep_res,household_009,norep_res,household,resolved,clean_progress,5,737,137,1,1,2
household_010__rep_unres,household_010,rep_unres,household,unresolved,unanswered_question,7,974,184,3,16,16
household_010__rep_res,household_010,rep_res,household,resolved,emphasis_repeat,7,966,182,2,16,16
household_010__norep_unres,household_010,norep_unres,household,unresolved,contradiction,7,925,177,2,1,2
household_010__norep_res,household_010,norep_res,household,resolved,readback_confirmation,7,926,177,2,1,2
household_011__rep_unres,household_011,rep_unres,household,unresolved,ambiguous_reference,5,850,172,2,16,16
household_011__rep_res,household_011,rep_res,household,resolved,readback_confirmation,5,860,174,2,16,16
household_011__norep_unres,household_011,norep_unres,household,unresolved,unanswered_question,5,723,145,1,3,3
household_011__norep_res,household_011,norep_res,household,resolved,clean_progress,5,720,146,1,3,3
household_012__rep_unres,household_012,rep_unres,household,unresolved,unanswered_question,5,700,143,2,22,22
household_012__rep_res,household_012,rep_res,household,resolved,emphasis_repeat,5,713,144,1,10,10
household_012__norep_unres,household_012,norep_unres,household,unresolved,contradiction,5,592,118,1,2,2
household_012__norep_res,household_012,norep_res,household,resolved,clean_progress,5,589,118,1,2,2
household_013__rep_unres,household_013,rep_unres,household,unresolved,ambiguous_reference,7,897,172,2,6,6
household_013__rep_res,household_013,rep_res,household,resolved,readback_confirmation,7,904,173,2,6,6
household_013__norep_unres,household_013,norep_unres,household,unresolved,unanswered_question,7,773,154,2,2,2
household_013__norep_res,household_013,norep_res,household,resolved,clean_progress,7,789,157,2,2,2
household_014__rep_unres,household_014,rep_unres,household,unresolved,contradiction,5,700,139,1,2,11
household_014__rep_res,household_014,rep_res,household,resolved,readback_confirmation,5,699,139,1,2,11
household_014__norep_unres,household_014,norep_unres,household,unresolved,ambiguous_reference,5,703,139,1,2,2
household_014__norep_res,household_014,norep_res,household,resolved,emphasis_repeat,5,705,139,1,2,2
household_015__rep_unres,household_015,rep_unres,household,unresolved,unanswered_question,5,661,133,2,13,13
household_015__rep_res,household_015,rep_res,household,resolved,emphasis_repeat,5,685,138,1,9,9
household_015__norep_unres,household_015,norep_unres,household,unresolved,contradiction,5,588,116,1,3,3
household_015__norep_res,household_015,norep_res,household,resolved,clean_progress,5,587,116,1,3,3
household_016__rep_unres,household_016,rep_unres,household,unresolved,ambiguous_reference,7,877,176,1,14,14
household_016__rep_res,household_016,rep_res,household,resolved,readback_confirmation,7,885,177,1,14,14
household_016__norep_unres,household_016,norep_unres,household,unresolved,unanswered_question,7,840,163,2,2,2
household_016__norep_res,household_016,norep_res,household,resolved,clean_progress,7,865,167,2,2,2
household_017__rep_unres,household_017,rep_unres,household,unresolved,contradiction,5,684,142,1,13,13
household_017__rep_res,household_017,rep_res,household,resolved,emphasis_repeat,5,695,144,1,13,13
household_017__norep_unres,household_017,norep_unres,household,unresolved,ambiguous_reference,5,600,125,1,3,3
household_017__norep_res,household_017,norep_res,household,resolved,clean_progress,5,601,125,1,3,3
household_018__rep_unres,household_018,rep_unres,household,unresolved,unanswered_question,5,591,117,2,16,16
household_018__rep_res,household_018,rep_res,household,resolved,readback_confirmation,5,599,118,1,12,12
household_018__norep_unres,household_018,norep_unres,household,unresolved,contradiction,5,704,142,1,2,3
household_018__norep_res,household_018,norep_res,household,resolved,emphasis_repeat,5,712,144,1,2,3
household_019__rep_unres,household_019,rep_unres,household,unresolved,ambiguous_reference,7,854,157,1,10,10
household_019__rep_res,household_019,rep_res,household,resolved,readback_confirmation,7,864,158,1,10,10
household_019__norep_unres,household_019,norep_unres,household,unresolved,unanswered_question,7,869,168,2,2,2
household_019__norep_res,household_019,norep_res,household,resolved,emphasis_repeat,7,897,177,2,2,2
household_020__rep_unres,household_020,rep_unres,household,unresolved,contradiction,5,632,126,1,17,17
household_020__rep_res,household_020,rep_res,household,resolved,readback_confirmation,5,632,126,1,17,17
household_020__norep_unres,household_020,norep_unres,household,unresolved,ambiguous_reference,5,706,140,1,3,3
household_020__norep_res,household_020,norep_res,household,resolved,clean_progress,5,715,142,1,3,3
household_021__rep_unres,household_021,rep_unres,household,unresolved,unanswered_question,7,843,170,2,20,20
household_021__rep_res,household_021,rep_res,household,resolved,emphasis_repeat,7,864,175,1,13,13
household_021__norep_unres,household_021,norep_unres,household,unresolved,contradiction,7,844,167,1,4,4
household_021__norep_res,household_021,norep_res,household,resolved,clean_progress,7,845,167,1,4,4
household_022__rep_unres,household_022,rep_unres,household,unresolved,ambiguous_reference,5,770,156,1,13,13
household_022__rep_res,household_022,rep_res,household,resolved,emphasis_repeat,5,779,158,1,13,13
household_022__norep_unres,household_022,norep_unres,household,unresolved,unanswered_question,5,668,143,2,3,3
household_022__norep_res,household_022,norep_res,household,resolved,readback_confirmation,5,687,144,2,3,3
household_023__rep_unres,household_023,rep_unres,household,unresolved,contradiction,5,765,155,0,12,12
household_023__rep_res,household_023,rep_res,household,resolved,emphasis_repeat,5,765,155,0,12,12
household_023__norep_unres,household_023,norep_unres,household,unresolved,ambiguous_reference,5,662,133,1,1,1
household_023__norep_res,household_023,norep_res,household,resolved,readback_confirmation,5,670,134,1,1,1
household_024__rep_unres,household_024,rep_unres,household,unresolved,unanswered_question,7,943,189,3,25,25
household_024__rep_res,household_024,rep_res,household,resolved,readback_confirmation,7,900,179,2,7,7
household_024__norep_unres,household_024,norep_unres,household,unresolved,contradiction,7,828,158,2,2,3
household_024__norep_res,household_024,norep_res,household,resolved,clean_progress,7,832,160,2,2,3
shopping_001__rep_unres,shopping_001,rep_unres,shopping,unresolved,unanswered_question,5,475,89,3,9,9
shopping_001__rep_res,shopping_001,rep_res,shopping,resolved,readback_confirmation,5,478,88,3,3,7
shopping_001__norep_unres,shopping_001,norep_unres,shopping,unresolved,contradiction,5,499,99,3,1,2
shopping_001__norep_res,shopping_001,norep_res,shopping,resolved,clean_progress,5,505,98,3,1,2
shopping_002__rep_unres,shopping_002,rep_unres,shopping,unresolved,ambiguous_reference,7,813,157,1,13,13
shopping_002__rep_res,shopping_002,rep_res,shopping,resolved,emphasis_repeat,7,814,157,1,13,13
shopping_002__norep_unres,shopping_002,norep_unres,shopping,unresolved,ambiguous_reference,7,792,154,1,1,2
shopping_002__norep_res,shopping_002,norep_res,shopping,resolved,clean_progress,7,793,154,1,1,2
shopping_003__rep_unres,shopping_003,rep_unres,shopping,unresolved,contradiction,5,522,98,0,1,7
shopping_003__rep_res,shopping_003,rep_res,shopping,resolved,readback_confirmation,5,521,98,0,1,8
shopping_003__norep_unres,shopping_003,norep_unres,shopping,unresolved,unanswered_question,5,503,96,0,1,1
shopping_003__norep_res,shopping_003,norep_res,shopping,resolved,clean_progress,5,508,98,0,1,2
shopping_004__rep_unres,shopping_004,rep_unres,shopping,unresolved,unanswered_question,5,541,102,0,12,12
shopping_004__rep_res,shopping_004,rep_res,shopping,resolved,emphasis_repeat,5,526,99,0,10,10
shopping_004__norep_unres,shopping_004,norep_unres,shopping,unresolved,ambiguous_reference,5,515,98,0,1,2
shopping_004__norep_res,shopping_004,norep_res,shopping,resolved,clean_progress,5,522,99,0,1,2
shopping_005__rep_unres,shopping_005,rep_unres,shopping,unresolved,contradiction,7,806,141,1,1,6
shopping_005__rep_res,shopping_005,rep_res,shopping,resolved,readback_confirmation,7,807,141,1,1,6
shopping_005__norep_unres,shopping_005,norep_unres,shopping,unresolved,contradiction,7,804,146,1,1,2
shopping_005__norep_res,shopping_005,norep_res,shopping,resolved,clean_progress,7,805,146,1,1,2
shopping_006__rep_unres,shopping_006,rep_unres,shopping,unresolved,ambiguous_reference,5,582,109,0,12,12
shopping_006__rep_res,shopping_006,rep_res,shopping,resolved,emphasis_repeat,5,583,109,0,12,12
shopping_006__norep_unres,shopping_006,norep_unres,shopping,unresolved,unanswered_question,5,606,111,0,3,3
shopping_006__norep_res,shopping_006,norep_res,shopping,resolved,clean_progress,5,618,112,0,3,3
shopping_007__rep_unres,shopping_007,rep_unres,shopping,unresolved,unanswered_question,5,587,116,2,14,14
shopping_007__rep_res,shopping_007,rep_res,shopping,resolved,readback_confirmation,5,580,116,2,2,8
shopping_007__norep_unres,shopping_007,norep_unres,shopping,unresolved,contradiction,5,647,125,2,1,2
shopping_007__norep_res,shopping_007,norep_res,shopping,resolved,clean_progress,5,645,125,2,1,2
shopping_008__rep_unres,shopping_008,rep_unres,shopping,unresolved,ambiguous_reference,7,805,154,0,11,11
shopping_008__rep_res,shopping_008,rep_res,shopping,resolved,emphasis_repeat,7,804,154,0,11,11
shopping_008__norep_unres,shopping_008,norep_unres,shopping,unresolved,contradiction,7,825,153,0,2,2
shopping_008__norep_res,shopping_008,norep_res,shopping,resolved,clean_progress,7,803,149,0,2,2
shopping_009__rep_unres,shopping_009,rep_unres,shopping,unresolved,unanswered_question,5,602,111,1,13,13
shopping_009__rep_res,shopping_009,rep_res,shopping,resolved,readback_confirmation,5,603,109,1,13,13
shopping_009__norep_unres,shopping_009,norep_unres,shopping,unresolved,ambiguous_reference,5,559,108,1,2,2
shopping_009__norep_res,shopping_009,norep_res,shopping,resolved,clean_progress,5,567,109,1,2,3
shopping_010__rep_unres,shopping_010,rep_unres,shopping,unresolved,contradiction,5,636,121,0,12,12
shopping_010__rep_res,shopping_010,rep_res,shopping,resolved,emphasis_repeat,5,636,121,0,12,12
shopping_010__norep_unres,shopping_010,norep_unres,shopping,unresolved,unanswered_question,5,589,116,0,1,2
shopping_010__norep_res,shopping_010,norep_res,shopping,resolved,readback_confirmation,5,628,122,0,2,2
shopping_011__rep_unres,shopping_011,rep_unres,shopping,unresolved,ambiguous_reference,7,860,160,0,12,12
shopping_011__rep_res,shopping_011,rep_res,shopping,resolved,emphasis_repeat,7,864,160,0,12,12
shopping_011__norep_unres,shopping_011,norep_unres,shopping,unresolved,contradiction,7,872,168,0,2,2
shopping_011__norep_res,shopping_011,norep_res,shopping,resolved,clean_progress,7,872,168,0,2,2
shopping_012__rep_unres,shopping_012,rep_unres,shopping,unresolved,unanswered_question,5,598,120,2,14,14
shopping_012__rep_res,shopping_012,rep_res,shopping,resolved,readback_confirmation,5,628,124,2,1,10
shopping_012__norep_unres,shopping_012,norep_unres,shopping,unresolved,ambiguous_reference,5,588,119,2,1,1
shopping_012__norep_res,shopping_012,norep_res,shopping,resolved,clean_progress,5,585,118,2,1,1
shopping_013__rep_unres,shopping_013,rep_unres,shopping,unresolved,contradiction,7,798,154,0,11,11
shopping_013__rep_res,shopping_013,rep_res,shopping,resolved,emphasis_repeat,7,802,155,0,11,11
shopping_013__norep_unres,shopping_013,norep_unres,shopping,unresolved,unanswered_question,7,742,144,0,2,2
shopping_013__norep_res,shopping_013,norep_res,shopping,resolved,readback_confirmation,7,732,145,0,2,2
shopping_014__rep_unres,shopping_014,rep_unres,shopping,unresolved,ambiguous_reference,5,674,126,0,11,11
shopping_014__rep_res,shopping_014,rep_res,shopping,resolved,emphasis_repeat,5,682,127,0,11,11
shopping_014__norep_unres,shopping_014,norep_unres,shopping,unresolved,contradiction,5,663,124,0,2,2
shopping_014__norep_res,shopping_014,norep_res,shopping,resolved,emphasis_repeat,5,665,124,0,2,2
shopping_015__rep_unres,shopping_015,rep_unres,shopping,unresolved,unanswered_question,5,592,118,2,17,17
shopping_015__rep_res,shopping_015,rep_res,shopping,resolved,readback_confirmation,5,611,121,2,4,7
shopping_015__norep_unres,shopping_015,norep_unres,shopping,unresolved,contradiction,5,645,125,2,2,3
shopping_015__norep_res,shopping_015,norep_res,shopping,resolved,clean_progress,5,645,125,2,2,3
shopping_016__rep_unres,shopping_016,rep_unres,shopping,unresolved,ambiguous_reference,7,886,169,1,11,11
shopping_016__rep_res,shopping_016,rep_res,shopping,resolved,emphasis_repeat,7,884,169,1,11,11
shopping_016__norep_unres,shopping_016,norep_unres,shopping,unresolved,unanswered_question,7,803,150,1,2,2
shopping_016__norep_res,shopping_016,norep_res,shopping,resolved,clean_progress,7,831,154,1,2,2
shopping_017__rep_unres,shopping_017,rep_unres,shopping,unresolved,contradiction,5,761,146,0,3,7
shopping_017__rep_res,shopping_017,rep_res,shopping,resolved,readback_confirmation,5,755,146,0,3,7
shopping_017__norep_unres,shopping_017,norep_unres,shopping,unresolved,ambiguous_reference,5,762,151,0,1,1
shopping_017__norep_res,shopping_017,norep_res,shopping,resolved,emphasis_repeat,5,768,152,0,1,2
shopping_018__rep_unres,shopping_018,rep_unres,shopping,unresolved,unanswered_question,5,621,117,1,6,6
shopping_018__rep_res,shopping_018,rep_res,shopping,resolved,emphasis_repeat,5,618,115,1,6,6
shopping_018__norep_unres,shopping_018,norep_unres,shopping,unresolved,contradiction,5,635,124,1,1,3
shopping_018__norep_res,shopping_018,norep_res,shopping,resolved,clean_progress,5,635,124,1,1,3
shopping_019__rep_unres,shopping_019,rep_unres,shopping,unresolved,ambiguous_reference,7,827,155,1,6,6
shopping_019__rep_res,shopping_019,rep_res,shopping,resolved,readback_confirmation,7,836,156,1,6,6
shopping_019__norep_unres,shopping_019,norep_unres,shopping,unresolved,unanswered_question,7,796,153,1,2,2
shopping_019__norep_res,shopping_019,norep_res,shopping,resolved,clean_progress,7,791,152,1,2,2
shopping_020__rep_unres,shopping_020,rep_unres,shopping,unresolved,contradiction,5,689,127,0,16,16
shopping_020__rep_res,shopping_020,rep_res,shopping,resolved,emphasis_repeat,5,688,127,0,16,16
shopping_020__norep_unres,shopping_020,norep_unres,shopping,unresolved,ambiguous_reference,5,636,117,0,2,3
shopping_020__norep_res,shopping_020,norep_res,shopping,resolved,readback_confirmation,5,632,116,0,2,2
shopping_021__rep_unres,shopping_021,rep_unres,shopping,unresolved,unanswered_question,5,621,124,2,14,14
shopping_021__rep_res,shopping_021,rep_res,shopping,resolved,readback_confirmation,5,602,122,2,12,12
shopping_021__norep_unres,shopping_021,norep_unres,shopping,unresolved,contradiction,5,599,120,2,1,3
shopping_021__norep_res,shopping_021,norep_res,shopping,resolved,clean_progress,5,599,120,2,1,3
shopping_022__rep_unres,shopping_022,rep_unres,shopping,unresolved,ambiguous_reference,7,797,159,1,14,14
shopping_022__rep_res,shopping_022,rep_res,shopping,resolved,emphasis_repeat,7,799,159,1,14,14
shopping_022__norep_unres,shopping_022,norep_unres,shopping,unresolved,unanswered_question,7,757,147,1,2,2
shopping_022__norep_res,shopping_022,norep_res,shopping,resolved,clean_progress,7,757,147,1,2,2
shopping_023__rep_unres,shopping_023,rep_unres,shopping,unresolved,contradiction,5,608,114,0,11,11
shopping_023__rep_res,shopping_023,rep_res,shopping,resolved,readback_confirmation,5,608,114,0,11,11
shopping_023__norep_unres,shopping_023,norep_unres,shopping,unresolved,ambiguous_reference,5,635,123,0,1,2
shopping_023__norep_res,shopping_023,norep_res,shopping,resolved,emphasis_repeat,5,638,124,0,3,3
shopping_024__rep_unres,shopping_024,rep_unres,shopping,unresolved,unanswered_question,5,563,111,2,14,14
shopping_024__rep_res,shopping_024,rep_res,shopping,resolved,emphasis_repeat,5,578,119,2,12,12
shopping_024__norep_unres,shopping_024,norep_unres,shopping,unresolved,contradiction,5,582,116,2,2,2
shopping_024__norep_res,shopping_024,norep_res,shopping,resolved,readback_confirmation,5,573,115,2,2,2
transit_001__rep_unres,transit_001,rep_unres,transit,unresolved,unanswered_question,5,455,87,3,9,9
transit_001__rep_res,transit_001,rep_res,transit,resolved,readback_confirmation,5,465,86,3,5,9
transit_001__norep_unres,transit_001,norep_unres,transit,unresolved,contradiction,5,441,89,3,1,2
transit_001__norep_res,transit_001,norep_res,transit,resolved,clean_progress,5,444,89,3,1,2
transit_002__rep_unres,transit_002,rep_unres,transit,unresolved,contradiction,5,536,100,0,1,9
transit_002__rep_res,transit_002,rep_res,transit,resolved,emphasis_repeat,5,535,100,0,1,9
transit_002__norep_unres,transit_002,norep_unres,transit,unresolved,ambiguous_reference,5,520,101,0,1,2
transit_002__norep_res,transit_002,norep_res,transit,resolved,clean_progress,5,518,101,0,3,3
transit_003__rep_unres,transit_003,rep_unres,transit,unresolved,ambiguous_reference,7,780,141,2,5,8
transit_003__rep_res,transit_003,rep_res,transit,resolved,readback_confirmation,7,780,141,2,5,10
transit_003__norep_unres,transit_003,norep_unres,transit,unresolved,unanswered_question,7,720,135,2,1,2
transit_003__norep_res,transit_003,norep_res,transit,resolved,emphasis_repeat,7,720,137,2,1,2
transit_004__rep_unres,transit_004,rep_unres,transit,unresolved,unanswered_question,5,483,98,2,9,9
transit_004__rep_res,transit_004,rep_res,transit,resolved,emphasis_repeat,5,482,98,2,8,8
transit_004__norep_unres,transit_004,norep_unres,transit,unresolved,contradiction,5,504,103,2,3,3
transit_004__norep_res,transit_004,norep_res,transit,resolved,readback_confirmation,5,503,103,2,3,3
transit_005__rep_unres,transit_005,rep_unres,transit,unresolved,contradiction,7,692,128,1,2,21
transit_005__rep_res,transit_005,rep_res,transit,resolved,clean_progress,7,691,128,1,2,21
transit_005__norep_unres,transit_005,norep_unres,transit,unresolved,ambiguous_reference,7,647,122,1,3,3
transit_005__norep_res,transit_005,norep_res,transit,resolved,readback_confirmation,7,644,121,1,3,3
transit_006__rep_unres,transit_006,rep_unres,transit,unresolved,ambiguous_reference,5,567,106,1,2,6
transit_006__rep_res,transit_006,rep_res,transit,resolved,clean_progress,5,564,105,1,2,6
transit_006__norep_unres,transit_006,norep_unres,transit,unresolved,contradiction,5,543,104,1,2,2
transit_006__norep_res,transit_006,norep_res,transit,resolved,emphasis_repeat,5,545,104,1,2,2
transit_007__rep_unres,transit_007,rep_unres,transit,unresolved,unanswered_question,7,750,142,2,12,12
transit_007__rep_res,transit_007,rep_res,transit,resolved,readback_confirmation,7,778,152,2,3,7
transit_007__norep_unres,transit_007,norep_unres,transit,unresolved,contradiction,7,702,135,2,1,2
transit_007__norep_res,transit_007,norep_res,transit,resolved,clean_progress,7,701,135,2,1,2
transit_008__rep_unres,transit_008,rep_unres,transit,unresolved,contradiction,5,644,130,0,9,9
transit_008__rep_res,transit_008,rep_res,transit,resolved,emphasis_repeat,5,644,130,0,9,9
transit_008__norep_unres,transit_008,norep_unres,transit,unresolved,ambiguous_reference,5,639,123,0,2,2
transit_008__norep_res,transit_008,norep_res,transit,resolved,readback_confirmation,5,635,123,0,2,2
transit_009__rep_unres,transit_009,rep_unres,transit,unresolved,ambiguous_reference,5,646,117,1,2,8
transit_009__rep_res,transit_009,rep_res,transit,resolved,clean_progress,5,652,119,1,2,8
transit_009__norep_unres,transit_009,norep_unres,transit,unresolved,unanswered_question,5,599,117,1,2,2
transit_009__norep_res,transit_009,norep_res,transit,resolved,emphasis_repeat,5,682,134,1,2,2
transit_010__rep_unres,transit_010,rep_unres,transit,unresolved,unanswered_question,7,806,161,2,17,17
transit_010__rep_res,transit_010,rep_res,transit,resolved,readback_confirmation,7,838,167,2,4,13
transit_010__norep_unres,transit_010,norep_unres,transit,unresolved,ambiguous_reference,7,847,168,2,2,2
transit_010__norep_res,transit_010,norep_res,transit,resolved,clean_progress,7,842,168,2,2,3
transit_011__rep_unres,transit_011,rep_unres,transit,unresolved,contradiction,5,549,107,0,8,8
transit_011__rep_res,transit_011,rep_res,transit,resolved,emphasis_repeat,5,549,107,0,8,8
transit_011__norep_unres,transit_011,norep_unres,transit,unresolved,unanswered_question,5,522,99,0,2,2
transit_011__norep_res,transit_011,norep_res,transit,resolved,readback_confirmation,5,580,109,0,2,2
transit_012__rep_unres,transit_012,rep_unres,transit,unresolved,ambiguous_reference,5,683,140,0,3,9
transit_012__rep_res,transit_012,rep_res,transit,resolved,clean_progress,5,693,142,0,3,9
transit_012__norep_unres,transit_012,norep_unres,transit,unresolved,contradiction,5,690,137,0,3,3
transit_012__norep_res,transit_012,norep_res,transit,resolved,emphasis_repeat,5,679,135,0,3,3
transit_013__rep_unres,transit_013,rep_unres,transit,unresolved,unanswered_question,5,530,95,2,12,12
transit_013__rep_res,transit_013,rep_res,transit,resolved,readback_confirmation,5,540,96,2,2,9
transit_013__norep_unres,transit_013,norep_unres,transit,unresolved,contradiction,5,552,96,2,1,1
transit_013__norep_res,transit_013,norep_res,transit,resolved,clean_progress,5,546,96,2,1,1
transit_014__rep_unres,transit_014,rep_unres,transit,unresolved,contradiction,7,912,167,1,15,15
transit_014__rep_res,transit_014,rep_res,transit,resolved,emphasis_repeat,7,902,166,1,15,15
transit_014__norep_unres,transit_014,norep_unres,transit,unresolved,ambiguous_reference,7,862,161,1,2,2
transit_014__norep_res,transit_014,norep_res,transit,resolved,clean_progress,7,871,163,1,2,3
transit_015__rep_unres,transit_015,rep_unres,transit,unresolved,ambiguous_reference,5,591,105,1,7,7
transit_015__rep_res,transit_015,rep_res,transit,resolved,readback_confirmation,5,574,105,1,7,7
transit_015__norep_unres,transit_015,norep_unres,transit,unresolved,unanswered_question,5,573,106,1,1,1
transit_015__norep_res,transit_015,norep_res,transit,resolved,emphasis_repeat,5,594,106,1,1,1
transit_016__rep_unres,transit_016,rep_unres,transit,unresolved,unanswered_question,7,774,148,2,10,10
transit_016__rep_res,transit_016,rep_res,transit,resolved,emphasis_repeat,7,791,149,2,11,11
transit_016__norep_unres,transit_016,norep_unres,transit,unresolved,ambiguous_reference,7,779,146,2,1,2
transit_016__norep_res,transit_016,norep_res,transit,resolved,readback_confirmation,7,790,150,2,3,3
transit_017__rep_unres,transit_017,rep_unres,transit,unresolved,contradiction,5,740,139,1,6,15
transit_017__rep_res,transit_017,rep_res,transit,resolved,clean_progress,5,737,138,1,6,15
transit_017__norep_unres,transit_017,norep_unres,transit,unresolved,unanswered_question,5,696,130,1,2,2
transit_017__norep_res,transit_017,norep_res,transit,resolved,readback_confirmation,5,672,127,1,3,3
transit_018__rep_unres,transit_018,rep_unres,transit,unresolved,ambiguous_reference,7,886,167,2,3,7
transit_018__rep_res,transit_018,rep_res,transit,resolved,clean_progress,7,893,168,2,3,7
transit_018__norep_unres,transit_018,norep_unres,transit,unresolved,contradiction,7,964,179,2,2,2
transit_018__norep_res,transit_018,norep_res,transit,resolved,emphasis_repeat,7,963,179,2,2,2
transit_019__rep_unres,transit_019,rep_unres,transit,unresolved,unanswered_question,5,594,117,2,16,16
transit_019__rep_res,transit_019,rep_res,transit,resolved,readback_confirmation,5,611,117,2,1,13
transit_019__norep_unres,transit_019,norep_unres,transit,unresolved,contradiction,5,628,127,2,1,1
transit_019__norep_res,transit_019,norep_res,transit,resolved,clean_progress,5,621,125,2,1,1
transit_020__rep_unres,transit_020,rep_unres,transit,unresolved,contradiction,5,694,130,1,13,13
transit_020__rep_res,transit_020,rep_res,transit,resolved,emphasis_repeat,5,695,130,1,13,13
transit_020__norep_unres,transit_020,norep_unres,transit,unresolved,ambiguous_reference,5,646,126,1,2,2
transit_020__norep_res,transit_020,norep_res,transit,resolved,clean_progress,5,650,126,1,2,2
transit_021__rep_unres,transit_021,rep_unres,transit,unresolved,ambiguous_reference,7,839,159,1,10,10
transit_021__rep_res,transit_021,rep_res,transit,resolved,readback_confirmation,7,835,169,1,10,10
transit_021__norep_unres,transit_021,norep_unres,transit,unresolved,unanswered_question,7,897,171,1,3,3
transit_021__norep_res,transit_021,norep_res,transit,resolved,emphasis_repeat,7,890,171,1,3,3
transit_022__rep_unres,transit_022,rep_unres,transit,unresolved,unanswered_question,5,643,121,2,13,13
transit_022__rep_res,transit_022,rep_res,transit,resolved,emphasis_repeat,5,669,123,2,10,10
transit_022__norep_unres,transit_022,norep_unres,transit,unresolved,ambiguous_reference,5,639,122,2,1,3
transit_022__norep_res,transit_022,norep_res,transit,resolved,readback_confirmation,5,604,122,2,1,3
transit_023__rep_unres,transit_023,rep_unres,transit,unresolved,contradiction,7,896,170,2,2,15
transit_023__rep_res,transit_023,rep_res,transit,resolved,clean_progress,7,898,170,2,2,15
transit_023__norep_unres,transit_023,norep_unres,transit,unresolved,unanswered_question,7,830,162,2,2,3
transit_023__norep_res,transit_023,norep_res,transit,resolved,readback_confirmation,7,836,165,2,2,3
transit_024__rep_unres,transit_024,rep_unres,transit,unresolved,ambiguous_reference,5,645,126,1,10,10
transit_024__rep_res,transit_024,rep_res,transit,resolved,clean_progress,5,658,128,1,10,10
transit_024__norep_unres,transit_024,norep_unres,transit,unresolved,contradiction,5,713,133,1,2,2
transit_024__norep_res,transit_024,norep_res,transit,resolved,emphasis_repeat,5,709,133,1,2,2
